2024-11-07 21:51:41,474 - HTTP Request: POST https://api.telegram.org/bot7588833711:AAGh4QsiTRsFFCqEYdxJczgszrkUFJGNwus/getMe "HTTP/1.1 200 OK"
2024-11-07 21:51:41,585 - HTTP Request: POST https://api.telegram.org/bot7588833711:AAGh4QsiTRsFFCqEYdxJczgszrkUFJGNwus/deleteWebhook "HTTP/1.1 200 OK"
2024-11-07 21:51:41,588 - Scheduler started
2024-11-07 21:51:41,588 - Application started
2024-11-07 21:51:49,945 - HTTP Request: POST https://api.telegram.org/bot7588833711:AAGh4QsiTRsFFCqEYdxJczgszrkUFJGNwus/getUpdates "HTTP/1.1 200 OK"
2024-11-07 21:51:50,480 - HTTP Request: POST https://api.telegram.org/bot7588833711:AAGh4QsiTRsFFCqEYdxJczgszrkUFJGNwus/sendMessage "HTTP/1.1 200 OK"
2024-11-07 21:51:55,927 - HTTP Request: POST https://api.telegram.org/bot7588833711:AAGh4QsiTRsFFCqEYdxJczgszrkUFJGNwus/getUpdates "HTTP/1.1 200 OK"
2024-11-07 21:51:56,616 - HTTP Request: POST https://api.telegram.org/bot7588833711:AAGh4QsiTRsFFCqEYdxJczgszrkUFJGNwus/sendPhoto "HTTP/1.1 200 OK"
2024-11-07 21:51:56,764 - HTTP Request: POST https://api.telegram.org/bot7588833711:AAGh4QsiTRsFFCqEYdxJczgszrkUFJGNwus/sendMessage "HTTP/1.1 200 OK"
2024-11-07 21:52:03,996 - HTTP Request: POST https://api.telegram.org/bot7588833711:AAGh4QsiTRsFFCqEYdxJczgszrkUFJGNwus/getUpdates "HTTP/1.1 200 OK"
2024-11-07 21:52:08,884 - HTTP Request: POST https://api.telegram.org/bot7588833711:AAGh4QsiTRsFFCqEYdxJczgszrkUFJGNwus/getUpdates "HTTP/1.1 200 OK"
2024-11-07 21:52:09,662 - HTTP Request: POST https://api.telegram.org/bot7588833711:AAGh4QsiTRsFFCqEYdxJczgszrkUFJGNwus/sendMessage "HTTP/1.1 200 OK"
2024-11-07 21:52:12,823 - HTTP Request: POST https://api.telegram.org/bot7588833711:AAGh4QsiTRsFFCqEYdxJczgszrkUFJGNwus/getUpdates "HTTP/1.1 200 OK"
2024-11-07 21:52:13,027 - HTTP Request: POST https://api.telegram.org/bot7588833711:AAGh4QsiTRsFFCqEYdxJczgszrkUFJGNwus/sendMessage "HTTP/1.1 200 OK"
2024-11-07 21:52:18,722 - HTTP Request: POST https://api.telegram.org/bot7588833711:AAGh4QsiTRsFFCqEYdxJczgszrkUFJGNwus/getUpdates "HTTP/1.1 200 OK"
2024-11-07 21:52:19,352 - HTTP Request: POST https://api.telegram.org/bot7588833711:AAGh4QsiTRsFFCqEYdxJczgszrkUFJGNwus/sendPhoto "HTTP/1.1 200 OK"
2024-11-07 21:52:19,490 - HTTP Request: POST https://api.telegram.org/bot7588833711:AAGh4QsiTRsFFCqEYdxJczgszrkUFJGNwus/sendMessage "HTTP/1.1 200 OK"
2024-11-07 21:52:20,875 - HTTP Request: POST https://api.telegram.org/bot7588833711:AAGh4QsiTRsFFCqEYdxJczgszrkUFJGNwus/sendPhoto "HTTP/1.1 200 OK"
2024-11-07 21:52:21,011 - HTTP Request: POST https://api.telegram.org/bot7588833711:AAGh4QsiTRsFFCqEYdxJczgszrkUFJGNwus/sendMessage "HTTP/1.1 200 OK"
2024-11-07 21:52:22,433 - HTTP Request: POST https://api.telegram.org/bot7588833711:AAGh4QsiTRsFFCqEYdxJczgszrkUFJGNwus/sendPhoto "HTTP/1.1 200 OK"
2024-11-07 21:52:22,611 - HTTP Request: POST https://api.telegram.org/bot7588833711:AAGh4QsiTRsFFCqEYdxJczgszrkUFJGNwus/sendMessage "HTTP/1.1 200 OK"
2024-11-07 21:52:23,975 - HTTP Request: POST https://api.telegram.org/bot7588833711:AAGh4QsiTRsFFCqEYdxJczgszrkUFJGNwus/sendPhoto "HTTP/1.1 200 OK"
2024-11-07 21:52:24,184 - HTTP Request: POST https://api.telegram.org/bot7588833711:AAGh4QsiTRsFFCqEYdxJczgszrkUFJGNwus/sendMessage "HTTP/1.1 200 OK"
2024-11-07 21:52:28,985 - HTTP Request: POST https://api.telegram.org/bot7588833711:AAGh4QsiTRsFFCqEYdxJczgszrkUFJGNwus/getUpdates "HTTP/1.1 200 OK"
2024-11-07 21:52:39,319 - HTTP Request: POST https://api.telegram.org/bot7588833711:AAGh4QsiTRsFFCqEYdxJczgszrkUFJGNwus/getUpdates "HTTP/1.1 200 OK"
2024-11-07 21:52:49,555 - HTTP Request: POST https://api.telegram.org/bot7588833711:AAGh4QsiTRsFFCqEYdxJczgszrkUFJGNwus/getUpdates "HTTP/1.1 200 OK"
2024-11-07 21:52:59,991 - HTTP Request: POST https://api.telegram.org/bot7588833711:AAGh4QsiTRsFFCqEYdxJczgszrkUFJGNwus/getUpdates "HTTP/1.1 200 OK"
2024-11-07 21:53:10,225 - HTTP Request: POST https://api.telegram.org/bot7588833711:AAGh4QsiTRsFFCqEYdxJczgszrkUFJGNwus/getUpdates "HTTP/1.1 200 OK"
2024-11-07 21:53:20,411 - HTTP Request: POST https://api.telegram.org/bot7588833711:AAGh4QsiTRsFFCqEYdxJczgszrkUFJGNwus/getUpdates "HTTP/1.1 200 OK"
2024-11-07 21:53:30,795 - HTTP Request: POST https://api.telegram.org/bot7588833711:AAGh4QsiTRsFFCqEYdxJczgszrkUFJGNwus/getUpdates "HTTP/1.1 200 OK"
2024-11-07 21:53:41,029 - HTTP Request: POST https://api.telegram.org/bot7588833711:AAGh4QsiTRsFFCqEYdxJczgszrkUFJGNwus/getUpdates "HTTP/1.1 200 OK"
2024-11-07 21:53:51,232 - HTTP Request: POST https://api.telegram.org/bot7588833711:AAGh4QsiTRsFFCqEYdxJczgszrkUFJGNwus/getUpdates "HTTP/1.1 200 OK"
2024-11-07 21:54:01,365 - HTTP Request: POST https://api.telegram.org/bot7588833711:AAGh4QsiTRsFFCqEYdxJczgszrkUFJGNwus/getUpdates "HTTP/1.1 200 OK"
2024-11-07 21:54:11,745 - HTTP Request: POST https://api.telegram.org/bot7588833711:AAGh4QsiTRsFFCqEYdxJczgszrkUFJGNwus/getUpdates "HTTP/1.1 200 OK"
2024-11-07 21:54:22,485 - HTTP Request: POST https://api.telegram.org/bot7588833711:AAGh4QsiTRsFFCqEYdxJczgszrkUFJGNwus/getUpdates "HTTP/1.1 200 OK"
2024-11-07 21:54:30,754 - HTTP Request: POST https://api.telegram.org/bot7588833711:AAGh4QsiTRsFFCqEYdxJczgszrkUFJGNwus/getUpdates "HTTP/1.1 200 OK"
2024-11-07 21:54:32,924 - HTTP Request: POST https://api.telegram.org/bot7588833711:AAGh4QsiTRsFFCqEYdxJczgszrkUFJGNwus/sendMessage "HTTP/1.1 200 OK"
2024-11-07 21:54:32,926 - User: Yididiya Abebe ID: 654064608
2024-11-07 21:54:41,712 - HTTP Request: POST https://api.telegram.org/bot7588833711:AAGh4QsiTRsFFCqEYdxJczgszrkUFJGNwus/getUpdates "HTTP/1.1 200 OK"
2024-11-07 21:54:51,852 - HTTP Request: POST https://api.telegram.org/bot7588833711:AAGh4QsiTRsFFCqEYdxJczgszrkUFJGNwus/getUpdates "HTTP/1.1 200 OK"
2024-11-07 21:55:01,998 - HTTP Request: POST https://api.telegram.org/bot7588833711:AAGh4QsiTRsFFCqEYdxJczgszrkUFJGNwus/getUpdates "HTTP/1.1 200 OK"
2024-11-07 21:55:12,144 - HTTP Request: POST https://api.telegram.org/bot7588833711:AAGh4QsiTRsFFCqEYdxJczgszrkUFJGNwus/getUpdates "HTTP/1.1 200 OK"
2024-11-07 21:55:22,339 - HTTP Request: POST https://api.telegram.org/bot7588833711:AAGh4QsiTRsFFCqEYdxJczgszrkUFJGNwus/getUpdates "HTTP/1.1 200 OK"
2024-11-07 21:55:32,470 - HTTP Request: POST https://api.telegram.org/bot7588833711:AAGh4QsiTRsFFCqEYdxJczgszrkUFJGNwus/getUpdates "HTTP/1.1 200 OK"
2024-11-07 21:55:42,592 - HTTP Request: POST https://api.telegram.org/bot7588833711:AAGh4QsiTRsFFCqEYdxJczgszrkUFJGNwus/getUpdates "HTTP/1.1 200 OK"
2024-11-07 21:55:52,724 - HTTP Request: POST https://api.telegram.org/bot7588833711:AAGh4QsiTRsFFCqEYdxJczgszrkUFJGNwus/getUpdates "HTTP/1.1 200 OK"
2024-11-07 21:56:02,875 - HTTP Request: POST https://api.telegram.org/bot7588833711:AAGh4QsiTRsFFCqEYdxJczgszrkUFJGNwus/getUpdates "HTTP/1.1 200 OK"
2024-11-07 21:56:13,200 - HTTP Request: POST https://api.telegram.org/bot7588833711:AAGh4QsiTRsFFCqEYdxJczgszrkUFJGNwus/getUpdates "HTTP/1.1 200 OK"
2024-11-07 21:56:23,336 - HTTP Request: POST https://api.telegram.org/bot7588833711:AAGh4QsiTRsFFCqEYdxJczgszrkUFJGNwus/getUpdates "HTTP/1.1 200 OK"
2024-11-07 21:56:33,613 - HTTP Request: POST https://api.telegram.org/bot7588833711:AAGh4QsiTRsFFCqEYdxJczgszrkUFJGNwus/getUpdates "HTTP/1.1 200 OK"
2024-11-07 21:56:43,900 - HTTP Request: POST https://api.telegram.org/bot7588833711:AAGh4QsiTRsFFCqEYdxJczgszrkUFJGNwus/getUpdates "HTTP/1.1 200 OK"
2024-11-07 21:56:54,132 - HTTP Request: POST https://api.telegram.org/bot7588833711:AAGh4QsiTRsFFCqEYdxJczgszrkUFJGNwus/getUpdates "HTTP/1.1 200 OK"
2024-11-07 21:57:04,366 - HTTP Request: POST https://api.telegram.org/bot7588833711:AAGh4QsiTRsFFCqEYdxJczgszrkUFJGNwus/getUpdates "HTTP/1.1 200 OK"
2024-11-07 21:57:14,597 - HTTP Request: POST https://api.telegram.org/bot7588833711:AAGh4QsiTRsFFCqEYdxJczgszrkUFJGNwus/getUpdates "HTTP/1.1 200 OK"
2024-11-07 21:57:24,738 - HTTP Request: POST https://api.telegram.org/bot7588833711:AAGh4QsiTRsFFCqEYdxJczgszrkUFJGNwus/getUpdates "HTTP/1.1 200 OK"
2024-11-07 21:57:34,915 - HTTP Request: POST https://api.telegram.org/bot7588833711:AAGh4QsiTRsFFCqEYdxJczgszrkUFJGNwus/getUpdates "HTTP/1.1 200 OK"
2024-11-07 21:57:45,049 - HTTP Request: POST https://api.telegram.org/bot7588833711:AAGh4QsiTRsFFCqEYdxJczgszrkUFJGNwus/getUpdates "HTTP/1.1 200 OK"
2024-11-07 21:57:55,212 - HTTP Request: POST https://api.telegram.org/bot7588833711:AAGh4QsiTRsFFCqEYdxJczgszrkUFJGNwus/getUpdates "HTTP/1.1 200 OK"
2024-11-07 21:58:05,509 - HTTP Request: POST https://api.telegram.org/bot7588833711:AAGh4QsiTRsFFCqEYdxJczgszrkUFJGNwus/getUpdates "HTTP/1.1 200 OK"
2024-11-07 21:58:15,690 - HTTP Request: POST https://api.telegram.org/bot7588833711:AAGh4QsiTRsFFCqEYdxJczgszrkUFJGNwus/getUpdates "HTTP/1.1 200 OK"
2024-11-07 21:58:25,894 - HTTP Request: POST https://api.telegram.org/bot7588833711:AAGh4QsiTRsFFCqEYdxJczgszrkUFJGNwus/getUpdates "HTTP/1.1 200 OK"
2024-11-07 21:58:36,055 - HTTP Request: POST https://api.telegram.org/bot7588833711:AAGh4QsiTRsFFCqEYdxJczgszrkUFJGNwus/getUpdates "HTTP/1.1 200 OK"
2024-11-07 21:58:46,316 - HTTP Request: POST https://api.telegram.org/bot7588833711:AAGh4QsiTRsFFCqEYdxJczgszrkUFJGNwus/getUpdates "HTTP/1.1 200 OK"
2024-11-07 21:58:56,690 - HTTP Request: POST https://api.telegram.org/bot7588833711:AAGh4QsiTRsFFCqEYdxJczgszrkUFJGNwus/getUpdates "HTTP/1.1 200 OK"
2024-11-07 21:59:06,807 - HTTP Request: POST https://api.telegram.org/bot7588833711:AAGh4QsiTRsFFCqEYdxJczgszrkUFJGNwus/getUpdates "HTTP/1.1 200 OK"
2024-11-07 21:59:16,928 - HTTP Request: POST https://api.telegram.org/bot7588833711:AAGh4QsiTRsFFCqEYdxJczgszrkUFJGNwus/getUpdates "HTTP/1.1 200 OK"
2024-11-07 21:59:27,066 - HTTP Request: POST https://api.telegram.org/bot7588833711:AAGh4QsiTRsFFCqEYdxJczgszrkUFJGNwus/getUpdates "HTTP/1.1 200 OK"
2024-11-07 21:59:37,781 - HTTP Request: POST https://api.telegram.org/bot7588833711:AAGh4QsiTRsFFCqEYdxJczgszrkUFJGNwus/getUpdates "HTTP/1.1 200 OK"
2024-11-07 21:59:48,001 - HTTP Request: POST https://api.telegram.org/bot7588833711:AAGh4QsiTRsFFCqEYdxJczgszrkUFJGNwus/getUpdates "HTTP/1.1 200 OK"
2024-11-07 21:59:58,157 - HTTP Request: POST https://api.telegram.org/bot7588833711:AAGh4QsiTRsFFCqEYdxJczgszrkUFJGNwus/getUpdates "HTTP/1.1 200 OK"
2024-11-07 22:00:08,304 - HTTP Request: POST https://api.telegram.org/bot7588833711:AAGh4QsiTRsFFCqEYdxJczgszrkUFJGNwus/getUpdates "HTTP/1.1 200 OK"
2024-11-07 22:00:18,884 - HTTP Request: POST https://api.telegram.org/bot7588833711:AAGh4QsiTRsFFCqEYdxJczgszrkUFJGNwus/getUpdates "HTTP/1.1 200 OK"
2024-11-07 22:00:29,170 - HTTP Request: POST https://api.telegram.org/bot7588833711:AAGh4QsiTRsFFCqEYdxJczgszrkUFJGNwus/getUpdates "HTTP/1.1 200 OK"
2024-11-07 22:00:39,311 - HTTP Request: POST https://api.telegram.org/bot7588833711:AAGh4QsiTRsFFCqEYdxJczgszrkUFJGNwus/getUpdates "HTTP/1.1 200 OK"
2024-11-07 22:00:49,448 - HTTP Request: POST https://api.telegram.org/bot7588833711:AAGh4QsiTRsFFCqEYdxJczgszrkUFJGNwus/getUpdates "HTTP/1.1 200 OK"
2024-11-07 22:00:59,581 - HTTP Request: POST https://api.telegram.org/bot7588833711:AAGh4QsiTRsFFCqEYdxJczgszrkUFJGNwus/getUpdates "HTTP/1.1 200 OK"
2024-11-07 22:01:09,864 - HTTP Request: POST https://api.telegram.org/bot7588833711:AAGh4QsiTRsFFCqEYdxJczgszrkUFJGNwus/getUpdates "HTTP/1.1 200 OK"
2024-11-07 22:01:20,097 - HTTP Request: POST https://api.telegram.org/bot7588833711:AAGh4QsiTRsFFCqEYdxJczgszrkUFJGNwus/getUpdates "HTTP/1.1 200 OK"
2024-11-07 22:01:30,258 - HTTP Request: POST https://api.telegram.org/bot7588833711:AAGh4QsiTRsFFCqEYdxJczgszrkUFJGNwus/getUpdates "HTTP/1.1 200 OK"
2024-11-07 22:01:40,546 - HTTP Request: POST https://api.telegram.org/bot7588833711:AAGh4QsiTRsFFCqEYdxJczgszrkUFJGNwus/getUpdates "HTTP/1.1 200 OK"
2024-11-07 22:01:50,901 - HTTP Request: POST https://api.telegram.org/bot7588833711:AAGh4QsiTRsFFCqEYdxJczgszrkUFJGNwus/getUpdates "HTTP/1.1 200 OK"
2024-11-07 22:02:01,104 - HTTP Request: POST https://api.telegram.org/bot7588833711:AAGh4QsiTRsFFCqEYdxJczgszrkUFJGNwus/getUpdates "HTTP/1.1 200 OK"
2024-11-07 22:02:11,264 - HTTP Request: POST https://api.telegram.org/bot7588833711:AAGh4QsiTRsFFCqEYdxJczgszrkUFJGNwus/getUpdates "HTTP/1.1 200 OK"
2024-11-07 22:02:21,399 - HTTP Request: POST https://api.telegram.org/bot7588833711:AAGh4QsiTRsFFCqEYdxJczgszrkUFJGNwus/getUpdates "HTTP/1.1 200 OK"
2024-11-07 22:02:31,732 - HTTP Request: POST https://api.telegram.org/bot7588833711:AAGh4QsiTRsFFCqEYdxJczgszrkUFJGNwus/getUpdates "HTTP/1.1 200 OK"
2024-11-07 22:02:41,929 - HTTP Request: POST https://api.telegram.org/bot7588833711:AAGh4QsiTRsFFCqEYdxJczgszrkUFJGNwus/getUpdates "HTTP/1.1 200 OK"
2024-11-07 22:02:52,151 - HTTP Request: POST https://api.telegram.org/bot7588833711:AAGh4QsiTRsFFCqEYdxJczgszrkUFJGNwus/getUpdates "HTTP/1.1 200 OK"
2024-11-07 22:03:02,432 - HTTP Request: POST https://api.telegram.org/bot7588833711:AAGh4QsiTRsFFCqEYdxJczgszrkUFJGNwus/getUpdates "HTTP/1.1 200 OK"
2024-11-07 22:03:12,603 - HTTP Request: POST https://api.telegram.org/bot7588833711:AAGh4QsiTRsFFCqEYdxJczgszrkUFJGNwus/getUpdates "HTTP/1.1 200 OK"
2024-11-07 22:03:22,755 - HTTP Request: POST https://api.telegram.org/bot7588833711:AAGh4QsiTRsFFCqEYdxJczgszrkUFJGNwus/getUpdates "HTTP/1.1 200 OK"
2024-11-07 22:03:32,928 - HTTP Request: POST https://api.telegram.org/bot7588833711:AAGh4QsiTRsFFCqEYdxJczgszrkUFJGNwus/getUpdates "HTTP/1.1 200 OK"
2024-11-07 22:03:43,058 - HTTP Request: POST https://api.telegram.org/bot7588833711:AAGh4QsiTRsFFCqEYdxJczgszrkUFJGNwus/getUpdates "HTTP/1.1 200 OK"
2024-11-07 22:03:53,257 - HTTP Request: POST https://api.telegram.org/bot7588833711:AAGh4QsiTRsFFCqEYdxJczgszrkUFJGNwus/getUpdates "HTTP/1.1 200 OK"
2024-11-07 22:04:03,784 - HTTP Request: POST https://api.telegram.org/bot7588833711:AAGh4QsiTRsFFCqEYdxJczgszrkUFJGNwus/getUpdates "HTTP/1.1 200 OK"
2024-11-07 22:04:14,021 - HTTP Request: POST https://api.telegram.org/bot7588833711:AAGh4QsiTRsFFCqEYdxJczgszrkUFJGNwus/getUpdates "HTTP/1.1 200 OK"
2024-11-07 22:04:24,175 - HTTP Request: POST https://api.telegram.org/bot7588833711:AAGh4QsiTRsFFCqEYdxJczgszrkUFJGNwus/getUpdates "HTTP/1.1 200 OK"
2024-11-07 22:04:34,327 - HTTP Request: POST https://api.telegram.org/bot7588833711:AAGh4QsiTRsFFCqEYdxJczgszrkUFJGNwus/getUpdates "HTTP/1.1 200 OK"
2024-11-07 22:04:44,622 - HTTP Request: POST https://api.telegram.org/bot7588833711:AAGh4QsiTRsFFCqEYdxJczgszrkUFJGNwus/getUpdates "HTTP/1.1 200 OK"
2024-11-07 22:04:54,748 - HTTP Request: POST https://api.telegram.org/bot7588833711:AAGh4QsiTRsFFCqEYdxJczgszrkUFJGNwus/getUpdates "HTTP/1.1 200 OK"
2024-11-07 22:05:04,887 - HTTP Request: POST https://api.telegram.org/bot7588833711:AAGh4QsiTRsFFCqEYdxJczgszrkUFJGNwus/getUpdates "HTTP/1.1 200 OK"
2024-11-07 22:05:15,045 - HTTP Request: POST https://api.telegram.org/bot7588833711:AAGh4QsiTRsFFCqEYdxJczgszrkUFJGNwus/getUpdates "HTTP/1.1 200 OK"
2024-11-07 22:05:25,242 - HTTP Request: POST https://api.telegram.org/bot7588833711:AAGh4QsiTRsFFCqEYdxJczgszrkUFJGNwus/getUpdates "HTTP/1.1 200 OK"
2024-11-07 22:05:35,413 - HTTP Request: POST https://api.telegram.org/bot7588833711:AAGh4QsiTRsFFCqEYdxJczgszrkUFJGNwus/getUpdates "HTTP/1.1 200 OK"
2024-11-07 22:05:45,537 - HTTP Request: POST https://api.telegram.org/bot7588833711:AAGh4QsiTRsFFCqEYdxJczgszrkUFJGNwus/getUpdates "HTTP/1.1 200 OK"
2024-11-07 22:05:55,689 - HTTP Request: POST https://api.telegram.org/bot7588833711:AAGh4QsiTRsFFCqEYdxJczgszrkUFJGNwus/getUpdates "HTTP/1.1 200 OK"
2024-11-07 22:06:05,916 - HTTP Request: POST https://api.telegram.org/bot7588833711:AAGh4QsiTRsFFCqEYdxJczgszrkUFJGNwus/getUpdates "HTTP/1.1 200 OK"
2024-11-07 22:06:16,134 - HTTP Request: POST https://api.telegram.org/bot7588833711:AAGh4QsiTRsFFCqEYdxJczgszrkUFJGNwus/getUpdates "HTTP/1.1 200 OK"
2024-11-07 22:06:26,279 - HTTP Request: POST https://api.telegram.org/bot7588833711:AAGh4QsiTRsFFCqEYdxJczgszrkUFJGNwus/getUpdates "HTTP/1.1 200 OK"
2024-11-07 22:06:36,517 - HTTP Request: POST https://api.telegram.org/bot7588833711:AAGh4QsiTRsFFCqEYdxJczgszrkUFJGNwus/getUpdates "HTTP/1.1 200 OK"
2024-11-07 22:06:46,652 - HTTP Request: POST https://api.telegram.org/bot7588833711:AAGh4QsiTRsFFCqEYdxJczgszrkUFJGNwus/getUpdates "HTTP/1.1 200 OK"
2024-11-07 22:06:56,783 - HTTP Request: POST https://api.telegram.org/bot7588833711:AAGh4QsiTRsFFCqEYdxJczgszrkUFJGNwus/getUpdates "HTTP/1.1 200 OK"
2024-11-07 22:07:07,320 - HTTP Request: POST https://api.telegram.org/bot7588833711:AAGh4QsiTRsFFCqEYdxJczgszrkUFJGNwus/getUpdates "HTTP/1.1 200 OK"
2024-11-07 22:07:17,678 - HTTP Request: POST https://api.telegram.org/bot7588833711:AAGh4QsiTRsFFCqEYdxJczgszrkUFJGNwus/getUpdates "HTTP/1.1 200 OK"
2024-11-07 22:07:27,918 - HTTP Request: POST https://api.telegram.org/bot7588833711:AAGh4QsiTRsFFCqEYdxJczgszrkUFJGNwus/getUpdates "HTTP/1.1 200 OK"
2024-11-07 22:07:38,120 - HTTP Request: POST https://api.telegram.org/bot7588833711:AAGh4QsiTRsFFCqEYdxJczgszrkUFJGNwus/getUpdates "HTTP/1.1 200 OK"
2024-11-07 22:07:48,249 - HTTP Request: POST https://api.telegram.org/bot7588833711:AAGh4QsiTRsFFCqEYdxJczgszrkUFJGNwus/getUpdates "HTTP/1.1 200 OK"
2024-11-07 22:07:58,393 - HTTP Request: POST https://api.telegram.org/bot7588833711:AAGh4QsiTRsFFCqEYdxJczgszrkUFJGNwus/getUpdates "HTTP/1.1 200 OK"
2024-11-07 22:08:08,569 - HTTP Request: POST https://api.telegram.org/bot7588833711:AAGh4QsiTRsFFCqEYdxJczgszrkUFJGNwus/getUpdates "HTTP/1.1 200 OK"
2024-11-07 22:08:18,853 - HTTP Request: POST https://api.telegram.org/bot7588833711:AAGh4QsiTRsFFCqEYdxJczgszrkUFJGNwus/getUpdates "HTTP/1.1 200 OK"
2024-11-07 22:08:29,501 - HTTP Request: POST https://api.telegram.org/bot7588833711:AAGh4QsiTRsFFCqEYdxJczgszrkUFJGNwus/getUpdates "HTTP/1.1 200 OK"
2024-11-07 22:08:39,718 - HTTP Request: POST https://api.telegram.org/bot7588833711:AAGh4QsiTRsFFCqEYdxJczgszrkUFJGNwus/getUpdates "HTTP/1.1 200 OK"
2024-11-07 22:08:49,825 - HTTP Request: POST https://api.telegram.org/bot7588833711:AAGh4QsiTRsFFCqEYdxJczgszrkUFJGNwus/getUpdates "HTTP/1.1 200 OK"
2024-11-07 22:08:59,945 - HTTP Request: POST https://api.telegram.org/bot7588833711:AAGh4QsiTRsFFCqEYdxJczgszrkUFJGNwus/getUpdates "HTTP/1.1 200 OK"
2024-11-07 22:09:10,121 - HTTP Request: POST https://api.telegram.org/bot7588833711:AAGh4QsiTRsFFCqEYdxJczgszrkUFJGNwus/getUpdates "HTTP/1.1 200 OK"
2024-11-07 22:09:20,286 - HTTP Request: POST https://api.telegram.org/bot7588833711:AAGh4QsiTRsFFCqEYdxJczgszrkUFJGNwus/getUpdates "HTTP/1.1 200 OK"
2024-11-07 22:09:35,309 - No error handlers are registered, logging exception.
Traceback (most recent call last):
  File "/home/jabez/.cache/pypoetry/virtualenvs/kebede-bot-4wRYckUS-py3.12/lib/python3.12/site-packages/httpx/_transports/default.py", line 72, in map_httpcore_exceptions
    yield
  File "/home/jabez/.cache/pypoetry/virtualenvs/kebede-bot-4wRYckUS-py3.12/lib/python3.12/site-packages/httpx/_transports/default.py", line 377, in handle_async_request
    resp = await self._pool.handle_async_request(req)
           ^^^^^^^^^^^^^^^^^^^^^^^^^^^^^^^^^^^^^^^^^^
  File "/home/jabez/.cache/pypoetry/virtualenvs/kebede-bot-4wRYckUS-py3.12/lib/python3.12/site-packages/httpcore/_async/connection_pool.py", line 216, in handle_async_request
    raise exc from None
  File "/home/jabez/.cache/pypoetry/virtualenvs/kebede-bot-4wRYckUS-py3.12/lib/python3.12/site-packages/httpcore/_async/connection_pool.py", line 196, in handle_async_request
    response = await connection.handle_async_request(
               ^^^^^^^^^^^^^^^^^^^^^^^^^^^^^^^^^^^^^^
  File "/home/jabez/.cache/pypoetry/virtualenvs/kebede-bot-4wRYckUS-py3.12/lib/python3.12/site-packages/httpcore/_async/connection.py", line 99, in handle_async_request
    raise exc
  File "/home/jabez/.cache/pypoetry/virtualenvs/kebede-bot-4wRYckUS-py3.12/lib/python3.12/site-packages/httpcore/_async/connection.py", line 76, in handle_async_request
    stream = await self._connect(request)
             ^^^^^^^^^^^^^^^^^^^^^^^^^^^^
  File "/home/jabez/.cache/pypoetry/virtualenvs/kebede-bot-4wRYckUS-py3.12/lib/python3.12/site-packages/httpcore/_async/connection.py", line 122, in _connect
    stream = await self._network_backend.connect_tcp(**kwargs)
             ^^^^^^^^^^^^^^^^^^^^^^^^^^^^^^^^^^^^^^^^^^^^^^^^^
  File "/home/jabez/.cache/pypoetry/virtualenvs/kebede-bot-4wRYckUS-py3.12/lib/python3.12/site-packages/httpcore/_backends/auto.py", line 30, in connect_tcp
    return await self._backend.connect_tcp(
           ^^^^^^^^^^^^^^^^^^^^^^^^^^^^^^^^
  File "/home/jabez/.cache/pypoetry/virtualenvs/kebede-bot-4wRYckUS-py3.12/lib/python3.12/site-packages/httpcore/_backends/anyio.py", line 115, in connect_tcp
    with map_exceptions(exc_map):
  File "/usr/lib/python3.12/contextlib.py", line 158, in __exit__
    self.gen.throw(value)
  File "/home/jabez/.cache/pypoetry/virtualenvs/kebede-bot-4wRYckUS-py3.12/lib/python3.12/site-packages/httpcore/_exceptions.py", line 14, in map_exceptions
    raise to_exc(exc) from exc
httpcore.ConnectError: [Errno -3] Temporary failure in name resolution

The above exception was the direct cause of the following exception:

Traceback (most recent call last):
  File "/home/jabez/.cache/pypoetry/virtualenvs/kebede-bot-4wRYckUS-py3.12/lib/python3.12/site-packages/telegram/request/_httpxrequest.py", line 292, in do_request
    res = await self._client.request(
          ^^^^^^^^^^^^^^^^^^^^^^^^^^^
  File "/home/jabez/.cache/pypoetry/virtualenvs/kebede-bot-4wRYckUS-py3.12/lib/python3.12/site-packages/httpx/_client.py", line 1585, in request
    return await self.send(request, auth=auth, follow_redirects=follow_redirects)
           ^^^^^^^^^^^^^^^^^^^^^^^^^^^^^^^^^^^^^^^^^^^^^^^^^^^^^^^^^^^^^^^^^^^^^^
  File "/home/jabez/.cache/pypoetry/virtualenvs/kebede-bot-4wRYckUS-py3.12/lib/python3.12/site-packages/httpx/_client.py", line 1674, in send
    response = await self._send_handling_auth(
               ^^^^^^^^^^^^^^^^^^^^^^^^^^^^^^^
  File "/home/jabez/.cache/pypoetry/virtualenvs/kebede-bot-4wRYckUS-py3.12/lib/python3.12/site-packages/httpx/_client.py", line 1702, in _send_handling_auth
    response = await self._send_handling_redirects(
               ^^^^^^^^^^^^^^^^^^^^^^^^^^^^^^^^^^^^
  File "/home/jabez/.cache/pypoetry/virtualenvs/kebede-bot-4wRYckUS-py3.12/lib/python3.12/site-packages/httpx/_client.py", line 1739, in _send_handling_redirects
    response = await self._send_single_request(request)
               ^^^^^^^^^^^^^^^^^^^^^^^^^^^^^^^^^^^^^^^^
  File "/home/jabez/.cache/pypoetry/virtualenvs/kebede-bot-4wRYckUS-py3.12/lib/python3.12/site-packages/httpx/_client.py", line 1776, in _send_single_request
    response = await transport.handle_async_request(request)
               ^^^^^^^^^^^^^^^^^^^^^^^^^^^^^^^^^^^^^^^^^^^^^
  File "/home/jabez/.cache/pypoetry/virtualenvs/kebede-bot-4wRYckUS-py3.12/lib/python3.12/site-packages/httpx/_transports/default.py", line 376, in handle_async_request
    with map_httpcore_exceptions():
  File "/usr/lib/python3.12/contextlib.py", line 158, in __exit__
    self.gen.throw(value)
  File "/home/jabez/.cache/pypoetry/virtualenvs/kebede-bot-4wRYckUS-py3.12/lib/python3.12/site-packages/httpx/_transports/default.py", line 89, in map_httpcore_exceptions
    raise mapped_exc(message) from exc
httpx.ConnectError: [Errno -3] Temporary failure in name resolution

The above exception was the direct cause of the following exception:

Traceback (most recent call last):
  File "/home/jabez/.cache/pypoetry/virtualenvs/kebede-bot-4wRYckUS-py3.12/lib/python3.12/site-packages/telegram/ext/_updater.py", line 753, in _network_loop_retry
    if not await do_action():
           ^^^^^^^^^^^^^^^^^
  File "/home/jabez/.cache/pypoetry/virtualenvs/kebede-bot-4wRYckUS-py3.12/lib/python3.12/site-packages/telegram/ext/_updater.py", line 747, in do_action
    return action_cb_task.result()
           ^^^^^^^^^^^^^^^^^^^^^^^
  File "/home/jabez/.cache/pypoetry/virtualenvs/kebede-bot-4wRYckUS-py3.12/lib/python3.12/site-packages/telegram/ext/_updater.py", line 377, in polling_action_cb
    updates = await self.bot.get_updates(
              ^^^^^^^^^^^^^^^^^^^^^^^^^^^
  File "/home/jabez/.cache/pypoetry/virtualenvs/kebede-bot-4wRYckUS-py3.12/lib/python3.12/site-packages/telegram/ext/_extbot.py", line 649, in get_updates
    updates = await super().get_updates(
              ^^^^^^^^^^^^^^^^^^^^^^^^^^
  File "/home/jabez/.cache/pypoetry/virtualenvs/kebede-bot-4wRYckUS-py3.12/lib/python3.12/site-packages/telegram/_bot.py", line 4366, in get_updates
    await self._post(
  File "/home/jabez/.cache/pypoetry/virtualenvs/kebede-bot-4wRYckUS-py3.12/lib/python3.12/site-packages/telegram/_bot.py", line 623, in _post
    return await self._do_post(
           ^^^^^^^^^^^^^^^^^^^^
  File "/home/jabez/.cache/pypoetry/virtualenvs/kebede-bot-4wRYckUS-py3.12/lib/python3.12/site-packages/telegram/ext/_extbot.py", line 355, in _do_post
    return await super()._do_post(
           ^^^^^^^^^^^^^^^^^^^^^^^
  File "/home/jabez/.cache/pypoetry/virtualenvs/kebede-bot-4wRYckUS-py3.12/lib/python3.12/site-packages/telegram/_bot.py", line 652, in _do_post
    result = await request.post(
             ^^^^^^^^^^^^^^^^^^^
  File "/home/jabez/.cache/pypoetry/virtualenvs/kebede-bot-4wRYckUS-py3.12/lib/python3.12/site-packages/telegram/request/_baserequest.py", line 201, in post
    result = await self._request_wrapper(
             ^^^^^^^^^^^^^^^^^^^^^^^^^^^^
  File "/home/jabez/.cache/pypoetry/virtualenvs/kebede-bot-4wRYckUS-py3.12/lib/python3.12/site-packages/telegram/request/_baserequest.py", line 333, in _request_wrapper
    code, payload = await self.do_request(
                    ^^^^^^^^^^^^^^^^^^^^^^
  File "/home/jabez/.cache/pypoetry/virtualenvs/kebede-bot-4wRYckUS-py3.12/lib/python3.12/site-packages/telegram/request/_httpxrequest.py", line 316, in do_request
    raise NetworkError(f"httpx.{err.__class__.__name__}: {err}") from err
telegram.error.NetworkError: httpx.ConnectError: [Errno -3] Temporary failure in name resolution
2024-11-07 22:09:36,317 - No error handlers are registered, logging exception.
Traceback (most recent call last):
  File "/home/jabez/.cache/pypoetry/virtualenvs/kebede-bot-4wRYckUS-py3.12/lib/python3.12/site-packages/httpx/_transports/default.py", line 72, in map_httpcore_exceptions
    yield
  File "/home/jabez/.cache/pypoetry/virtualenvs/kebede-bot-4wRYckUS-py3.12/lib/python3.12/site-packages/httpx/_transports/default.py", line 377, in handle_async_request
    resp = await self._pool.handle_async_request(req)
           ^^^^^^^^^^^^^^^^^^^^^^^^^^^^^^^^^^^^^^^^^^
  File "/home/jabez/.cache/pypoetry/virtualenvs/kebede-bot-4wRYckUS-py3.12/lib/python3.12/site-packages/httpcore/_async/connection_pool.py", line 216, in handle_async_request
    raise exc from None
  File "/home/jabez/.cache/pypoetry/virtualenvs/kebede-bot-4wRYckUS-py3.12/lib/python3.12/site-packages/httpcore/_async/connection_pool.py", line 196, in handle_async_request
    response = await connection.handle_async_request(
               ^^^^^^^^^^^^^^^^^^^^^^^^^^^^^^^^^^^^^^
  File "/home/jabez/.cache/pypoetry/virtualenvs/kebede-bot-4wRYckUS-py3.12/lib/python3.12/site-packages/httpcore/_async/connection.py", line 99, in handle_async_request
    raise exc
  File "/home/jabez/.cache/pypoetry/virtualenvs/kebede-bot-4wRYckUS-py3.12/lib/python3.12/site-packages/httpcore/_async/connection.py", line 76, in handle_async_request
    stream = await self._connect(request)
             ^^^^^^^^^^^^^^^^^^^^^^^^^^^^
  File "/home/jabez/.cache/pypoetry/virtualenvs/kebede-bot-4wRYckUS-py3.12/lib/python3.12/site-packages/httpcore/_async/connection.py", line 122, in _connect
    stream = await self._network_backend.connect_tcp(**kwargs)
             ^^^^^^^^^^^^^^^^^^^^^^^^^^^^^^^^^^^^^^^^^^^^^^^^^
  File "/home/jabez/.cache/pypoetry/virtualenvs/kebede-bot-4wRYckUS-py3.12/lib/python3.12/site-packages/httpcore/_backends/auto.py", line 30, in connect_tcp
    return await self._backend.connect_tcp(
           ^^^^^^^^^^^^^^^^^^^^^^^^^^^^^^^^
  File "/home/jabez/.cache/pypoetry/virtualenvs/kebede-bot-4wRYckUS-py3.12/lib/python3.12/site-packages/httpcore/_backends/anyio.py", line 115, in connect_tcp
    with map_exceptions(exc_map):
  File "/usr/lib/python3.12/contextlib.py", line 158, in __exit__
    self.gen.throw(value)
  File "/home/jabez/.cache/pypoetry/virtualenvs/kebede-bot-4wRYckUS-py3.12/lib/python3.12/site-packages/httpcore/_exceptions.py", line 14, in map_exceptions
    raise to_exc(exc) from exc
httpcore.ConnectError: [Errno -3] Temporary failure in name resolution

The above exception was the direct cause of the following exception:

Traceback (most recent call last):
  File "/home/jabez/.cache/pypoetry/virtualenvs/kebede-bot-4wRYckUS-py3.12/lib/python3.12/site-packages/telegram/request/_httpxrequest.py", line 292, in do_request
    res = await self._client.request(
          ^^^^^^^^^^^^^^^^^^^^^^^^^^^
  File "/home/jabez/.cache/pypoetry/virtualenvs/kebede-bot-4wRYckUS-py3.12/lib/python3.12/site-packages/httpx/_client.py", line 1585, in request
    return await self.send(request, auth=auth, follow_redirects=follow_redirects)
           ^^^^^^^^^^^^^^^^^^^^^^^^^^^^^^^^^^^^^^^^^^^^^^^^^^^^^^^^^^^^^^^^^^^^^^
  File "/home/jabez/.cache/pypoetry/virtualenvs/kebede-bot-4wRYckUS-py3.12/lib/python3.12/site-packages/httpx/_client.py", line 1674, in send
    response = await self._send_handling_auth(
               ^^^^^^^^^^^^^^^^^^^^^^^^^^^^^^^
  File "/home/jabez/.cache/pypoetry/virtualenvs/kebede-bot-4wRYckUS-py3.12/lib/python3.12/site-packages/httpx/_client.py", line 1702, in _send_handling_auth
    response = await self._send_handling_redirects(
               ^^^^^^^^^^^^^^^^^^^^^^^^^^^^^^^^^^^^
  File "/home/jabez/.cache/pypoetry/virtualenvs/kebede-bot-4wRYckUS-py3.12/lib/python3.12/site-packages/httpx/_client.py", line 1739, in _send_handling_redirects
    response = await self._send_single_request(request)
               ^^^^^^^^^^^^^^^^^^^^^^^^^^^^^^^^^^^^^^^^
  File "/home/jabez/.cache/pypoetry/virtualenvs/kebede-bot-4wRYckUS-py3.12/lib/python3.12/site-packages/httpx/_client.py", line 1776, in _send_single_request
    response = await transport.handle_async_request(request)
               ^^^^^^^^^^^^^^^^^^^^^^^^^^^^^^^^^^^^^^^^^^^^^
  File "/home/jabez/.cache/pypoetry/virtualenvs/kebede-bot-4wRYckUS-py3.12/lib/python3.12/site-packages/httpx/_transports/default.py", line 376, in handle_async_request
    with map_httpcore_exceptions():
  File "/usr/lib/python3.12/contextlib.py", line 158, in __exit__
    self.gen.throw(value)
  File "/home/jabez/.cache/pypoetry/virtualenvs/kebede-bot-4wRYckUS-py3.12/lib/python3.12/site-packages/httpx/_transports/default.py", line 89, in map_httpcore_exceptions
    raise mapped_exc(message) from exc
httpx.ConnectError: [Errno -3] Temporary failure in name resolution

The above exception was the direct cause of the following exception:

Traceback (most recent call last):
  File "/home/jabez/.cache/pypoetry/virtualenvs/kebede-bot-4wRYckUS-py3.12/lib/python3.12/site-packages/telegram/ext/_updater.py", line 753, in _network_loop_retry
    if not await do_action():
           ^^^^^^^^^^^^^^^^^
  File "/home/jabez/.cache/pypoetry/virtualenvs/kebede-bot-4wRYckUS-py3.12/lib/python3.12/site-packages/telegram/ext/_updater.py", line 747, in do_action
    return action_cb_task.result()
           ^^^^^^^^^^^^^^^^^^^^^^^
  File "/home/jabez/.cache/pypoetry/virtualenvs/kebede-bot-4wRYckUS-py3.12/lib/python3.12/site-packages/telegram/ext/_updater.py", line 377, in polling_action_cb
    updates = await self.bot.get_updates(
              ^^^^^^^^^^^^^^^^^^^^^^^^^^^
  File "/home/jabez/.cache/pypoetry/virtualenvs/kebede-bot-4wRYckUS-py3.12/lib/python3.12/site-packages/telegram/ext/_extbot.py", line 649, in get_updates
    updates = await super().get_updates(
              ^^^^^^^^^^^^^^^^^^^^^^^^^^
  File "/home/jabez/.cache/pypoetry/virtualenvs/kebede-bot-4wRYckUS-py3.12/lib/python3.12/site-packages/telegram/_bot.py", line 4366, in get_updates
    await self._post(
  File "/home/jabez/.cache/pypoetry/virtualenvs/kebede-bot-4wRYckUS-py3.12/lib/python3.12/site-packages/telegram/_bot.py", line 623, in _post
    return await self._do_post(
           ^^^^^^^^^^^^^^^^^^^^
  File "/home/jabez/.cache/pypoetry/virtualenvs/kebede-bot-4wRYckUS-py3.12/lib/python3.12/site-packages/telegram/ext/_extbot.py", line 355, in _do_post
    return await super()._do_post(
           ^^^^^^^^^^^^^^^^^^^^^^^
  File "/home/jabez/.cache/pypoetry/virtualenvs/kebede-bot-4wRYckUS-py3.12/lib/python3.12/site-packages/telegram/_bot.py", line 652, in _do_post
    result = await request.post(
             ^^^^^^^^^^^^^^^^^^^
  File "/home/jabez/.cache/pypoetry/virtualenvs/kebede-bot-4wRYckUS-py3.12/lib/python3.12/site-packages/telegram/request/_baserequest.py", line 201, in post
    result = await self._request_wrapper(
             ^^^^^^^^^^^^^^^^^^^^^^^^^^^^
  File "/home/jabez/.cache/pypoetry/virtualenvs/kebede-bot-4wRYckUS-py3.12/lib/python3.12/site-packages/telegram/request/_baserequest.py", line 333, in _request_wrapper
    code, payload = await self.do_request(
                    ^^^^^^^^^^^^^^^^^^^^^^
  File "/home/jabez/.cache/pypoetry/virtualenvs/kebede-bot-4wRYckUS-py3.12/lib/python3.12/site-packages/telegram/request/_httpxrequest.py", line 316, in do_request
    raise NetworkError(f"httpx.{err.__class__.__name__}: {err}") from err
telegram.error.NetworkError: httpx.ConnectError: [Errno -3] Temporary failure in name resolution
2024-11-07 22:09:37,823 - No error handlers are registered, logging exception.
Traceback (most recent call last):
  File "/home/jabez/.cache/pypoetry/virtualenvs/kebede-bot-4wRYckUS-py3.12/lib/python3.12/site-packages/httpx/_transports/default.py", line 72, in map_httpcore_exceptions
    yield
  File "/home/jabez/.cache/pypoetry/virtualenvs/kebede-bot-4wRYckUS-py3.12/lib/python3.12/site-packages/httpx/_transports/default.py", line 377, in handle_async_request
    resp = await self._pool.handle_async_request(req)
           ^^^^^^^^^^^^^^^^^^^^^^^^^^^^^^^^^^^^^^^^^^
  File "/home/jabez/.cache/pypoetry/virtualenvs/kebede-bot-4wRYckUS-py3.12/lib/python3.12/site-packages/httpcore/_async/connection_pool.py", line 216, in handle_async_request
    raise exc from None
  File "/home/jabez/.cache/pypoetry/virtualenvs/kebede-bot-4wRYckUS-py3.12/lib/python3.12/site-packages/httpcore/_async/connection_pool.py", line 196, in handle_async_request
    response = await connection.handle_async_request(
               ^^^^^^^^^^^^^^^^^^^^^^^^^^^^^^^^^^^^^^
  File "/home/jabez/.cache/pypoetry/virtualenvs/kebede-bot-4wRYckUS-py3.12/lib/python3.12/site-packages/httpcore/_async/connection.py", line 99, in handle_async_request
    raise exc
  File "/home/jabez/.cache/pypoetry/virtualenvs/kebede-bot-4wRYckUS-py3.12/lib/python3.12/site-packages/httpcore/_async/connection.py", line 76, in handle_async_request
    stream = await self._connect(request)
             ^^^^^^^^^^^^^^^^^^^^^^^^^^^^
  File "/home/jabez/.cache/pypoetry/virtualenvs/kebede-bot-4wRYckUS-py3.12/lib/python3.12/site-packages/httpcore/_async/connection.py", line 122, in _connect
    stream = await self._network_backend.connect_tcp(**kwargs)
             ^^^^^^^^^^^^^^^^^^^^^^^^^^^^^^^^^^^^^^^^^^^^^^^^^
  File "/home/jabez/.cache/pypoetry/virtualenvs/kebede-bot-4wRYckUS-py3.12/lib/python3.12/site-packages/httpcore/_backends/auto.py", line 30, in connect_tcp
    return await self._backend.connect_tcp(
           ^^^^^^^^^^^^^^^^^^^^^^^^^^^^^^^^
  File "/home/jabez/.cache/pypoetry/virtualenvs/kebede-bot-4wRYckUS-py3.12/lib/python3.12/site-packages/httpcore/_backends/anyio.py", line 115, in connect_tcp
    with map_exceptions(exc_map):
  File "/usr/lib/python3.12/contextlib.py", line 158, in __exit__
    self.gen.throw(value)
  File "/home/jabez/.cache/pypoetry/virtualenvs/kebede-bot-4wRYckUS-py3.12/lib/python3.12/site-packages/httpcore/_exceptions.py", line 14, in map_exceptions
    raise to_exc(exc) from exc
httpcore.ConnectError: [Errno -3] Temporary failure in name resolution

The above exception was the direct cause of the following exception:

Traceback (most recent call last):
  File "/home/jabez/.cache/pypoetry/virtualenvs/kebede-bot-4wRYckUS-py3.12/lib/python3.12/site-packages/telegram/request/_httpxrequest.py", line 292, in do_request
    res = await self._client.request(
          ^^^^^^^^^^^^^^^^^^^^^^^^^^^
  File "/home/jabez/.cache/pypoetry/virtualenvs/kebede-bot-4wRYckUS-py3.12/lib/python3.12/site-packages/httpx/_client.py", line 1585, in request
    return await self.send(request, auth=auth, follow_redirects=follow_redirects)
           ^^^^^^^^^^^^^^^^^^^^^^^^^^^^^^^^^^^^^^^^^^^^^^^^^^^^^^^^^^^^^^^^^^^^^^
  File "/home/jabez/.cache/pypoetry/virtualenvs/kebede-bot-4wRYckUS-py3.12/lib/python3.12/site-packages/httpx/_client.py", line 1674, in send
    response = await self._send_handling_auth(
               ^^^^^^^^^^^^^^^^^^^^^^^^^^^^^^^
  File "/home/jabez/.cache/pypoetry/virtualenvs/kebede-bot-4wRYckUS-py3.12/lib/python3.12/site-packages/httpx/_client.py", line 1702, in _send_handling_auth
    response = await self._send_handling_redirects(
               ^^^^^^^^^^^^^^^^^^^^^^^^^^^^^^^^^^^^
  File "/home/jabez/.cache/pypoetry/virtualenvs/kebede-bot-4wRYckUS-py3.12/lib/python3.12/site-packages/httpx/_client.py", line 1739, in _send_handling_redirects
    response = await self._send_single_request(request)
               ^^^^^^^^^^^^^^^^^^^^^^^^^^^^^^^^^^^^^^^^
  File "/home/jabez/.cache/pypoetry/virtualenvs/kebede-bot-4wRYckUS-py3.12/lib/python3.12/site-packages/httpx/_client.py", line 1776, in _send_single_request
    response = await transport.handle_async_request(request)
               ^^^^^^^^^^^^^^^^^^^^^^^^^^^^^^^^^^^^^^^^^^^^^
  File "/home/jabez/.cache/pypoetry/virtualenvs/kebede-bot-4wRYckUS-py3.12/lib/python3.12/site-packages/httpx/_transports/default.py", line 376, in handle_async_request
    with map_httpcore_exceptions():
  File "/usr/lib/python3.12/contextlib.py", line 158, in __exit__
    self.gen.throw(value)
  File "/home/jabez/.cache/pypoetry/virtualenvs/kebede-bot-4wRYckUS-py3.12/lib/python3.12/site-packages/httpx/_transports/default.py", line 89, in map_httpcore_exceptions
    raise mapped_exc(message) from exc
httpx.ConnectError: [Errno -3] Temporary failure in name resolution

The above exception was the direct cause of the following exception:

Traceback (most recent call last):
  File "/home/jabez/.cache/pypoetry/virtualenvs/kebede-bot-4wRYckUS-py3.12/lib/python3.12/site-packages/telegram/ext/_updater.py", line 753, in _network_loop_retry
    if not await do_action():
           ^^^^^^^^^^^^^^^^^
  File "/home/jabez/.cache/pypoetry/virtualenvs/kebede-bot-4wRYckUS-py3.12/lib/python3.12/site-packages/telegram/ext/_updater.py", line 747, in do_action
    return action_cb_task.result()
           ^^^^^^^^^^^^^^^^^^^^^^^
  File "/home/jabez/.cache/pypoetry/virtualenvs/kebede-bot-4wRYckUS-py3.12/lib/python3.12/site-packages/telegram/ext/_updater.py", line 377, in polling_action_cb
    updates = await self.bot.get_updates(
              ^^^^^^^^^^^^^^^^^^^^^^^^^^^
  File "/home/jabez/.cache/pypoetry/virtualenvs/kebede-bot-4wRYckUS-py3.12/lib/python3.12/site-packages/telegram/ext/_extbot.py", line 649, in get_updates
    updates = await super().get_updates(
              ^^^^^^^^^^^^^^^^^^^^^^^^^^
  File "/home/jabez/.cache/pypoetry/virtualenvs/kebede-bot-4wRYckUS-py3.12/lib/python3.12/site-packages/telegram/_bot.py", line 4366, in get_updates
    await self._post(
  File "/home/jabez/.cache/pypoetry/virtualenvs/kebede-bot-4wRYckUS-py3.12/lib/python3.12/site-packages/telegram/_bot.py", line 623, in _post
    return await self._do_post(
           ^^^^^^^^^^^^^^^^^^^^
  File "/home/jabez/.cache/pypoetry/virtualenvs/kebede-bot-4wRYckUS-py3.12/lib/python3.12/site-packages/telegram/ext/_extbot.py", line 355, in _do_post
    return await super()._do_post(
           ^^^^^^^^^^^^^^^^^^^^^^^
  File "/home/jabez/.cache/pypoetry/virtualenvs/kebede-bot-4wRYckUS-py3.12/lib/python3.12/site-packages/telegram/_bot.py", line 652, in _do_post
    result = await request.post(
             ^^^^^^^^^^^^^^^^^^^
  File "/home/jabez/.cache/pypoetry/virtualenvs/kebede-bot-4wRYckUS-py3.12/lib/python3.12/site-packages/telegram/request/_baserequest.py", line 201, in post
    result = await self._request_wrapper(
             ^^^^^^^^^^^^^^^^^^^^^^^^^^^^
  File "/home/jabez/.cache/pypoetry/virtualenvs/kebede-bot-4wRYckUS-py3.12/lib/python3.12/site-packages/telegram/request/_baserequest.py", line 333, in _request_wrapper
    code, payload = await self.do_request(
                    ^^^^^^^^^^^^^^^^^^^^^^
  File "/home/jabez/.cache/pypoetry/virtualenvs/kebede-bot-4wRYckUS-py3.12/lib/python3.12/site-packages/telegram/request/_httpxrequest.py", line 316, in do_request
    raise NetworkError(f"httpx.{err.__class__.__name__}: {err}") from err
telegram.error.NetworkError: httpx.ConnectError: [Errno -3] Temporary failure in name resolution
2024-11-07 22:09:40,082 - No error handlers are registered, logging exception.
Traceback (most recent call last):
  File "/home/jabez/.cache/pypoetry/virtualenvs/kebede-bot-4wRYckUS-py3.12/lib/python3.12/site-packages/httpx/_transports/default.py", line 72, in map_httpcore_exceptions
    yield
  File "/home/jabez/.cache/pypoetry/virtualenvs/kebede-bot-4wRYckUS-py3.12/lib/python3.12/site-packages/httpx/_transports/default.py", line 377, in handle_async_request
    resp = await self._pool.handle_async_request(req)
           ^^^^^^^^^^^^^^^^^^^^^^^^^^^^^^^^^^^^^^^^^^
  File "/home/jabez/.cache/pypoetry/virtualenvs/kebede-bot-4wRYckUS-py3.12/lib/python3.12/site-packages/httpcore/_async/connection_pool.py", line 216, in handle_async_request
    raise exc from None
  File "/home/jabez/.cache/pypoetry/virtualenvs/kebede-bot-4wRYckUS-py3.12/lib/python3.12/site-packages/httpcore/_async/connection_pool.py", line 196, in handle_async_request
    response = await connection.handle_async_request(
               ^^^^^^^^^^^^^^^^^^^^^^^^^^^^^^^^^^^^^^
  File "/home/jabez/.cache/pypoetry/virtualenvs/kebede-bot-4wRYckUS-py3.12/lib/python3.12/site-packages/httpcore/_async/connection.py", line 99, in handle_async_request
    raise exc
  File "/home/jabez/.cache/pypoetry/virtualenvs/kebede-bot-4wRYckUS-py3.12/lib/python3.12/site-packages/httpcore/_async/connection.py", line 76, in handle_async_request
    stream = await self._connect(request)
             ^^^^^^^^^^^^^^^^^^^^^^^^^^^^
  File "/home/jabez/.cache/pypoetry/virtualenvs/kebede-bot-4wRYckUS-py3.12/lib/python3.12/site-packages/httpcore/_async/connection.py", line 122, in _connect
    stream = await self._network_backend.connect_tcp(**kwargs)
             ^^^^^^^^^^^^^^^^^^^^^^^^^^^^^^^^^^^^^^^^^^^^^^^^^
  File "/home/jabez/.cache/pypoetry/virtualenvs/kebede-bot-4wRYckUS-py3.12/lib/python3.12/site-packages/httpcore/_backends/auto.py", line 30, in connect_tcp
    return await self._backend.connect_tcp(
           ^^^^^^^^^^^^^^^^^^^^^^^^^^^^^^^^
  File "/home/jabez/.cache/pypoetry/virtualenvs/kebede-bot-4wRYckUS-py3.12/lib/python3.12/site-packages/httpcore/_backends/anyio.py", line 115, in connect_tcp
    with map_exceptions(exc_map):
  File "/usr/lib/python3.12/contextlib.py", line 158, in __exit__
    self.gen.throw(value)
  File "/home/jabez/.cache/pypoetry/virtualenvs/kebede-bot-4wRYckUS-py3.12/lib/python3.12/site-packages/httpcore/_exceptions.py", line 14, in map_exceptions
    raise to_exc(exc) from exc
httpcore.ConnectError: [Errno -3] Temporary failure in name resolution

The above exception was the direct cause of the following exception:

Traceback (most recent call last):
  File "/home/jabez/.cache/pypoetry/virtualenvs/kebede-bot-4wRYckUS-py3.12/lib/python3.12/site-packages/telegram/request/_httpxrequest.py", line 292, in do_request
    res = await self._client.request(
          ^^^^^^^^^^^^^^^^^^^^^^^^^^^
  File "/home/jabez/.cache/pypoetry/virtualenvs/kebede-bot-4wRYckUS-py3.12/lib/python3.12/site-packages/httpx/_client.py", line 1585, in request
    return await self.send(request, auth=auth, follow_redirects=follow_redirects)
           ^^^^^^^^^^^^^^^^^^^^^^^^^^^^^^^^^^^^^^^^^^^^^^^^^^^^^^^^^^^^^^^^^^^^^^
  File "/home/jabez/.cache/pypoetry/virtualenvs/kebede-bot-4wRYckUS-py3.12/lib/python3.12/site-packages/httpx/_client.py", line 1674, in send
    response = await self._send_handling_auth(
               ^^^^^^^^^^^^^^^^^^^^^^^^^^^^^^^
  File "/home/jabez/.cache/pypoetry/virtualenvs/kebede-bot-4wRYckUS-py3.12/lib/python3.12/site-packages/httpx/_client.py", line 1702, in _send_handling_auth
    response = await self._send_handling_redirects(
               ^^^^^^^^^^^^^^^^^^^^^^^^^^^^^^^^^^^^
  File "/home/jabez/.cache/pypoetry/virtualenvs/kebede-bot-4wRYckUS-py3.12/lib/python3.12/site-packages/httpx/_client.py", line 1739, in _send_handling_redirects
    response = await self._send_single_request(request)
               ^^^^^^^^^^^^^^^^^^^^^^^^^^^^^^^^^^^^^^^^
  File "/home/jabez/.cache/pypoetry/virtualenvs/kebede-bot-4wRYckUS-py3.12/lib/python3.12/site-packages/httpx/_client.py", line 1776, in _send_single_request
    response = await transport.handle_async_request(request)
               ^^^^^^^^^^^^^^^^^^^^^^^^^^^^^^^^^^^^^^^^^^^^^
  File "/home/jabez/.cache/pypoetry/virtualenvs/kebede-bot-4wRYckUS-py3.12/lib/python3.12/site-packages/httpx/_transports/default.py", line 376, in handle_async_request
    with map_httpcore_exceptions():
  File "/usr/lib/python3.12/contextlib.py", line 158, in __exit__
    self.gen.throw(value)
  File "/home/jabez/.cache/pypoetry/virtualenvs/kebede-bot-4wRYckUS-py3.12/lib/python3.12/site-packages/httpx/_transports/default.py", line 89, in map_httpcore_exceptions
    raise mapped_exc(message) from exc
httpx.ConnectError: [Errno -3] Temporary failure in name resolution

The above exception was the direct cause of the following exception:

Traceback (most recent call last):
  File "/home/jabez/.cache/pypoetry/virtualenvs/kebede-bot-4wRYckUS-py3.12/lib/python3.12/site-packages/telegram/ext/_updater.py", line 753, in _network_loop_retry
    if not await do_action():
           ^^^^^^^^^^^^^^^^^
  File "/home/jabez/.cache/pypoetry/virtualenvs/kebede-bot-4wRYckUS-py3.12/lib/python3.12/site-packages/telegram/ext/_updater.py", line 747, in do_action
    return action_cb_task.result()
           ^^^^^^^^^^^^^^^^^^^^^^^
  File "/home/jabez/.cache/pypoetry/virtualenvs/kebede-bot-4wRYckUS-py3.12/lib/python3.12/site-packages/telegram/ext/_updater.py", line 377, in polling_action_cb
    updates = await self.bot.get_updates(
              ^^^^^^^^^^^^^^^^^^^^^^^^^^^
  File "/home/jabez/.cache/pypoetry/virtualenvs/kebede-bot-4wRYckUS-py3.12/lib/python3.12/site-packages/telegram/ext/_extbot.py", line 649, in get_updates
    updates = await super().get_updates(
              ^^^^^^^^^^^^^^^^^^^^^^^^^^
  File "/home/jabez/.cache/pypoetry/virtualenvs/kebede-bot-4wRYckUS-py3.12/lib/python3.12/site-packages/telegram/_bot.py", line 4366, in get_updates
    await self._post(
  File "/home/jabez/.cache/pypoetry/virtualenvs/kebede-bot-4wRYckUS-py3.12/lib/python3.12/site-packages/telegram/_bot.py", line 623, in _post
    return await self._do_post(
           ^^^^^^^^^^^^^^^^^^^^
  File "/home/jabez/.cache/pypoetry/virtualenvs/kebede-bot-4wRYckUS-py3.12/lib/python3.12/site-packages/telegram/ext/_extbot.py", line 355, in _do_post
    return await super()._do_post(
           ^^^^^^^^^^^^^^^^^^^^^^^
  File "/home/jabez/.cache/pypoetry/virtualenvs/kebede-bot-4wRYckUS-py3.12/lib/python3.12/site-packages/telegram/_bot.py", line 652, in _do_post
    result = await request.post(
             ^^^^^^^^^^^^^^^^^^^
  File "/home/jabez/.cache/pypoetry/virtualenvs/kebede-bot-4wRYckUS-py3.12/lib/python3.12/site-packages/telegram/request/_baserequest.py", line 201, in post
    result = await self._request_wrapper(
             ^^^^^^^^^^^^^^^^^^^^^^^^^^^^
  File "/home/jabez/.cache/pypoetry/virtualenvs/kebede-bot-4wRYckUS-py3.12/lib/python3.12/site-packages/telegram/request/_baserequest.py", line 333, in _request_wrapper
    code, payload = await self.do_request(
                    ^^^^^^^^^^^^^^^^^^^^^^
  File "/home/jabez/.cache/pypoetry/virtualenvs/kebede-bot-4wRYckUS-py3.12/lib/python3.12/site-packages/telegram/request/_httpxrequest.py", line 316, in do_request
    raise NetworkError(f"httpx.{err.__class__.__name__}: {err}") from err
telegram.error.NetworkError: httpx.ConnectError: [Errno -3] Temporary failure in name resolution
2024-11-07 22:09:43,465 - No error handlers are registered, logging exception.
Traceback (most recent call last):
  File "/home/jabez/.cache/pypoetry/virtualenvs/kebede-bot-4wRYckUS-py3.12/lib/python3.12/site-packages/httpx/_transports/default.py", line 72, in map_httpcore_exceptions
    yield
  File "/home/jabez/.cache/pypoetry/virtualenvs/kebede-bot-4wRYckUS-py3.12/lib/python3.12/site-packages/httpx/_transports/default.py", line 377, in handle_async_request
    resp = await self._pool.handle_async_request(req)
           ^^^^^^^^^^^^^^^^^^^^^^^^^^^^^^^^^^^^^^^^^^
  File "/home/jabez/.cache/pypoetry/virtualenvs/kebede-bot-4wRYckUS-py3.12/lib/python3.12/site-packages/httpcore/_async/connection_pool.py", line 216, in handle_async_request
    raise exc from None
  File "/home/jabez/.cache/pypoetry/virtualenvs/kebede-bot-4wRYckUS-py3.12/lib/python3.12/site-packages/httpcore/_async/connection_pool.py", line 196, in handle_async_request
    response = await connection.handle_async_request(
               ^^^^^^^^^^^^^^^^^^^^^^^^^^^^^^^^^^^^^^
  File "/home/jabez/.cache/pypoetry/virtualenvs/kebede-bot-4wRYckUS-py3.12/lib/python3.12/site-packages/httpcore/_async/connection.py", line 99, in handle_async_request
    raise exc
  File "/home/jabez/.cache/pypoetry/virtualenvs/kebede-bot-4wRYckUS-py3.12/lib/python3.12/site-packages/httpcore/_async/connection.py", line 76, in handle_async_request
    stream = await self._connect(request)
             ^^^^^^^^^^^^^^^^^^^^^^^^^^^^
  File "/home/jabez/.cache/pypoetry/virtualenvs/kebede-bot-4wRYckUS-py3.12/lib/python3.12/site-packages/httpcore/_async/connection.py", line 122, in _connect
    stream = await self._network_backend.connect_tcp(**kwargs)
             ^^^^^^^^^^^^^^^^^^^^^^^^^^^^^^^^^^^^^^^^^^^^^^^^^
  File "/home/jabez/.cache/pypoetry/virtualenvs/kebede-bot-4wRYckUS-py3.12/lib/python3.12/site-packages/httpcore/_backends/auto.py", line 30, in connect_tcp
    return await self._backend.connect_tcp(
           ^^^^^^^^^^^^^^^^^^^^^^^^^^^^^^^^
  File "/home/jabez/.cache/pypoetry/virtualenvs/kebede-bot-4wRYckUS-py3.12/lib/python3.12/site-packages/httpcore/_backends/anyio.py", line 115, in connect_tcp
    with map_exceptions(exc_map):
  File "/usr/lib/python3.12/contextlib.py", line 158, in __exit__
    self.gen.throw(value)
  File "/home/jabez/.cache/pypoetry/virtualenvs/kebede-bot-4wRYckUS-py3.12/lib/python3.12/site-packages/httpcore/_exceptions.py", line 14, in map_exceptions
    raise to_exc(exc) from exc
httpcore.ConnectError: [Errno -3] Temporary failure in name resolution

The above exception was the direct cause of the following exception:

Traceback (most recent call last):
  File "/home/jabez/.cache/pypoetry/virtualenvs/kebede-bot-4wRYckUS-py3.12/lib/python3.12/site-packages/telegram/request/_httpxrequest.py", line 292, in do_request
    res = await self._client.request(
          ^^^^^^^^^^^^^^^^^^^^^^^^^^^
  File "/home/jabez/.cache/pypoetry/virtualenvs/kebede-bot-4wRYckUS-py3.12/lib/python3.12/site-packages/httpx/_client.py", line 1585, in request
    return await self.send(request, auth=auth, follow_redirects=follow_redirects)
           ^^^^^^^^^^^^^^^^^^^^^^^^^^^^^^^^^^^^^^^^^^^^^^^^^^^^^^^^^^^^^^^^^^^^^^
  File "/home/jabez/.cache/pypoetry/virtualenvs/kebede-bot-4wRYckUS-py3.12/lib/python3.12/site-packages/httpx/_client.py", line 1674, in send
    response = await self._send_handling_auth(
               ^^^^^^^^^^^^^^^^^^^^^^^^^^^^^^^
  File "/home/jabez/.cache/pypoetry/virtualenvs/kebede-bot-4wRYckUS-py3.12/lib/python3.12/site-packages/httpx/_client.py", line 1702, in _send_handling_auth
    response = await self._send_handling_redirects(
               ^^^^^^^^^^^^^^^^^^^^^^^^^^^^^^^^^^^^
  File "/home/jabez/.cache/pypoetry/virtualenvs/kebede-bot-4wRYckUS-py3.12/lib/python3.12/site-packages/httpx/_client.py", line 1739, in _send_handling_redirects
    response = await self._send_single_request(request)
               ^^^^^^^^^^^^^^^^^^^^^^^^^^^^^^^^^^^^^^^^
  File "/home/jabez/.cache/pypoetry/virtualenvs/kebede-bot-4wRYckUS-py3.12/lib/python3.12/site-packages/httpx/_client.py", line 1776, in _send_single_request
    response = await transport.handle_async_request(request)
               ^^^^^^^^^^^^^^^^^^^^^^^^^^^^^^^^^^^^^^^^^^^^^
  File "/home/jabez/.cache/pypoetry/virtualenvs/kebede-bot-4wRYckUS-py3.12/lib/python3.12/site-packages/httpx/_transports/default.py", line 376, in handle_async_request
    with map_httpcore_exceptions():
  File "/usr/lib/python3.12/contextlib.py", line 158, in __exit__
    self.gen.throw(value)
  File "/home/jabez/.cache/pypoetry/virtualenvs/kebede-bot-4wRYckUS-py3.12/lib/python3.12/site-packages/httpx/_transports/default.py", line 89, in map_httpcore_exceptions
    raise mapped_exc(message) from exc
httpx.ConnectError: [Errno -3] Temporary failure in name resolution

The above exception was the direct cause of the following exception:

Traceback (most recent call last):
  File "/home/jabez/.cache/pypoetry/virtualenvs/kebede-bot-4wRYckUS-py3.12/lib/python3.12/site-packages/telegram/ext/_updater.py", line 753, in _network_loop_retry
    if not await do_action():
           ^^^^^^^^^^^^^^^^^
  File "/home/jabez/.cache/pypoetry/virtualenvs/kebede-bot-4wRYckUS-py3.12/lib/python3.12/site-packages/telegram/ext/_updater.py", line 747, in do_action
    return action_cb_task.result()
           ^^^^^^^^^^^^^^^^^^^^^^^
  File "/home/jabez/.cache/pypoetry/virtualenvs/kebede-bot-4wRYckUS-py3.12/lib/python3.12/site-packages/telegram/ext/_updater.py", line 377, in polling_action_cb
    updates = await self.bot.get_updates(
              ^^^^^^^^^^^^^^^^^^^^^^^^^^^
  File "/home/jabez/.cache/pypoetry/virtualenvs/kebede-bot-4wRYckUS-py3.12/lib/python3.12/site-packages/telegram/ext/_extbot.py", line 649, in get_updates
    updates = await super().get_updates(
              ^^^^^^^^^^^^^^^^^^^^^^^^^^
  File "/home/jabez/.cache/pypoetry/virtualenvs/kebede-bot-4wRYckUS-py3.12/lib/python3.12/site-packages/telegram/_bot.py", line 4366, in get_updates
    await self._post(
  File "/home/jabez/.cache/pypoetry/virtualenvs/kebede-bot-4wRYckUS-py3.12/lib/python3.12/site-packages/telegram/_bot.py", line 623, in _post
    return await self._do_post(
           ^^^^^^^^^^^^^^^^^^^^
  File "/home/jabez/.cache/pypoetry/virtualenvs/kebede-bot-4wRYckUS-py3.12/lib/python3.12/site-packages/telegram/ext/_extbot.py", line 355, in _do_post
    return await super()._do_post(
           ^^^^^^^^^^^^^^^^^^^^^^^
  File "/home/jabez/.cache/pypoetry/virtualenvs/kebede-bot-4wRYckUS-py3.12/lib/python3.12/site-packages/telegram/_bot.py", line 652, in _do_post
    result = await request.post(
             ^^^^^^^^^^^^^^^^^^^
  File "/home/jabez/.cache/pypoetry/virtualenvs/kebede-bot-4wRYckUS-py3.12/lib/python3.12/site-packages/telegram/request/_baserequest.py", line 201, in post
    result = await self._request_wrapper(
             ^^^^^^^^^^^^^^^^^^^^^^^^^^^^
  File "/home/jabez/.cache/pypoetry/virtualenvs/kebede-bot-4wRYckUS-py3.12/lib/python3.12/site-packages/telegram/request/_baserequest.py", line 333, in _request_wrapper
    code, payload = await self.do_request(
                    ^^^^^^^^^^^^^^^^^^^^^^
  File "/home/jabez/.cache/pypoetry/virtualenvs/kebede-bot-4wRYckUS-py3.12/lib/python3.12/site-packages/telegram/request/_httpxrequest.py", line 316, in do_request
    raise NetworkError(f"httpx.{err.__class__.__name__}: {err}") from err
telegram.error.NetworkError: httpx.ConnectError: [Errno -3] Temporary failure in name resolution
2024-11-07 22:09:48,540 - No error handlers are registered, logging exception.
Traceback (most recent call last):
  File "/home/jabez/.cache/pypoetry/virtualenvs/kebede-bot-4wRYckUS-py3.12/lib/python3.12/site-packages/httpx/_transports/default.py", line 72, in map_httpcore_exceptions
    yield
  File "/home/jabez/.cache/pypoetry/virtualenvs/kebede-bot-4wRYckUS-py3.12/lib/python3.12/site-packages/httpx/_transports/default.py", line 377, in handle_async_request
    resp = await self._pool.handle_async_request(req)
           ^^^^^^^^^^^^^^^^^^^^^^^^^^^^^^^^^^^^^^^^^^
  File "/home/jabez/.cache/pypoetry/virtualenvs/kebede-bot-4wRYckUS-py3.12/lib/python3.12/site-packages/httpcore/_async/connection_pool.py", line 216, in handle_async_request
    raise exc from None
  File "/home/jabez/.cache/pypoetry/virtualenvs/kebede-bot-4wRYckUS-py3.12/lib/python3.12/site-packages/httpcore/_async/connection_pool.py", line 196, in handle_async_request
    response = await connection.handle_async_request(
               ^^^^^^^^^^^^^^^^^^^^^^^^^^^^^^^^^^^^^^
  File "/home/jabez/.cache/pypoetry/virtualenvs/kebede-bot-4wRYckUS-py3.12/lib/python3.12/site-packages/httpcore/_async/connection.py", line 99, in handle_async_request
    raise exc
  File "/home/jabez/.cache/pypoetry/virtualenvs/kebede-bot-4wRYckUS-py3.12/lib/python3.12/site-packages/httpcore/_async/connection.py", line 76, in handle_async_request
    stream = await self._connect(request)
             ^^^^^^^^^^^^^^^^^^^^^^^^^^^^
  File "/home/jabez/.cache/pypoetry/virtualenvs/kebede-bot-4wRYckUS-py3.12/lib/python3.12/site-packages/httpcore/_async/connection.py", line 122, in _connect
    stream = await self._network_backend.connect_tcp(**kwargs)
             ^^^^^^^^^^^^^^^^^^^^^^^^^^^^^^^^^^^^^^^^^^^^^^^^^
  File "/home/jabez/.cache/pypoetry/virtualenvs/kebede-bot-4wRYckUS-py3.12/lib/python3.12/site-packages/httpcore/_backends/auto.py", line 30, in connect_tcp
    return await self._backend.connect_tcp(
           ^^^^^^^^^^^^^^^^^^^^^^^^^^^^^^^^
  File "/home/jabez/.cache/pypoetry/virtualenvs/kebede-bot-4wRYckUS-py3.12/lib/python3.12/site-packages/httpcore/_backends/anyio.py", line 115, in connect_tcp
    with map_exceptions(exc_map):
  File "/usr/lib/python3.12/contextlib.py", line 158, in __exit__
    self.gen.throw(value)
  File "/home/jabez/.cache/pypoetry/virtualenvs/kebede-bot-4wRYckUS-py3.12/lib/python3.12/site-packages/httpcore/_exceptions.py", line 14, in map_exceptions
    raise to_exc(exc) from exc
httpcore.ConnectError: [Errno -3] Temporary failure in name resolution

The above exception was the direct cause of the following exception:

Traceback (most recent call last):
  File "/home/jabez/.cache/pypoetry/virtualenvs/kebede-bot-4wRYckUS-py3.12/lib/python3.12/site-packages/telegram/request/_httpxrequest.py", line 292, in do_request
    res = await self._client.request(
          ^^^^^^^^^^^^^^^^^^^^^^^^^^^
  File "/home/jabez/.cache/pypoetry/virtualenvs/kebede-bot-4wRYckUS-py3.12/lib/python3.12/site-packages/httpx/_client.py", line 1585, in request
    return await self.send(request, auth=auth, follow_redirects=follow_redirects)
           ^^^^^^^^^^^^^^^^^^^^^^^^^^^^^^^^^^^^^^^^^^^^^^^^^^^^^^^^^^^^^^^^^^^^^^
  File "/home/jabez/.cache/pypoetry/virtualenvs/kebede-bot-4wRYckUS-py3.12/lib/python3.12/site-packages/httpx/_client.py", line 1674, in send
    response = await self._send_handling_auth(
               ^^^^^^^^^^^^^^^^^^^^^^^^^^^^^^^
  File "/home/jabez/.cache/pypoetry/virtualenvs/kebede-bot-4wRYckUS-py3.12/lib/python3.12/site-packages/httpx/_client.py", line 1702, in _send_handling_auth
    response = await self._send_handling_redirects(
               ^^^^^^^^^^^^^^^^^^^^^^^^^^^^^^^^^^^^
  File "/home/jabez/.cache/pypoetry/virtualenvs/kebede-bot-4wRYckUS-py3.12/lib/python3.12/site-packages/httpx/_client.py", line 1739, in _send_handling_redirects
    response = await self._send_single_request(request)
               ^^^^^^^^^^^^^^^^^^^^^^^^^^^^^^^^^^^^^^^^
  File "/home/jabez/.cache/pypoetry/virtualenvs/kebede-bot-4wRYckUS-py3.12/lib/python3.12/site-packages/httpx/_client.py", line 1776, in _send_single_request
    response = await transport.handle_async_request(request)
               ^^^^^^^^^^^^^^^^^^^^^^^^^^^^^^^^^^^^^^^^^^^^^
  File "/home/jabez/.cache/pypoetry/virtualenvs/kebede-bot-4wRYckUS-py3.12/lib/python3.12/site-packages/httpx/_transports/default.py", line 376, in handle_async_request
    with map_httpcore_exceptions():
  File "/usr/lib/python3.12/contextlib.py", line 158, in __exit__
    self.gen.throw(value)
  File "/home/jabez/.cache/pypoetry/virtualenvs/kebede-bot-4wRYckUS-py3.12/lib/python3.12/site-packages/httpx/_transports/default.py", line 89, in map_httpcore_exceptions
    raise mapped_exc(message) from exc
httpx.ConnectError: [Errno -3] Temporary failure in name resolution

The above exception was the direct cause of the following exception:

Traceback (most recent call last):
  File "/home/jabez/.cache/pypoetry/virtualenvs/kebede-bot-4wRYckUS-py3.12/lib/python3.12/site-packages/telegram/ext/_updater.py", line 753, in _network_loop_retry
    if not await do_action():
           ^^^^^^^^^^^^^^^^^
  File "/home/jabez/.cache/pypoetry/virtualenvs/kebede-bot-4wRYckUS-py3.12/lib/python3.12/site-packages/telegram/ext/_updater.py", line 747, in do_action
    return action_cb_task.result()
           ^^^^^^^^^^^^^^^^^^^^^^^
  File "/home/jabez/.cache/pypoetry/virtualenvs/kebede-bot-4wRYckUS-py3.12/lib/python3.12/site-packages/telegram/ext/_updater.py", line 377, in polling_action_cb
    updates = await self.bot.get_updates(
              ^^^^^^^^^^^^^^^^^^^^^^^^^^^
  File "/home/jabez/.cache/pypoetry/virtualenvs/kebede-bot-4wRYckUS-py3.12/lib/python3.12/site-packages/telegram/ext/_extbot.py", line 649, in get_updates
    updates = await super().get_updates(
              ^^^^^^^^^^^^^^^^^^^^^^^^^^
  File "/home/jabez/.cache/pypoetry/virtualenvs/kebede-bot-4wRYckUS-py3.12/lib/python3.12/site-packages/telegram/_bot.py", line 4366, in get_updates
    await self._post(
  File "/home/jabez/.cache/pypoetry/virtualenvs/kebede-bot-4wRYckUS-py3.12/lib/python3.12/site-packages/telegram/_bot.py", line 623, in _post
    return await self._do_post(
           ^^^^^^^^^^^^^^^^^^^^
  File "/home/jabez/.cache/pypoetry/virtualenvs/kebede-bot-4wRYckUS-py3.12/lib/python3.12/site-packages/telegram/ext/_extbot.py", line 355, in _do_post
    return await super()._do_post(
           ^^^^^^^^^^^^^^^^^^^^^^^
  File "/home/jabez/.cache/pypoetry/virtualenvs/kebede-bot-4wRYckUS-py3.12/lib/python3.12/site-packages/telegram/_bot.py", line 652, in _do_post
    result = await request.post(
             ^^^^^^^^^^^^^^^^^^^
  File "/home/jabez/.cache/pypoetry/virtualenvs/kebede-bot-4wRYckUS-py3.12/lib/python3.12/site-packages/telegram/request/_baserequest.py", line 201, in post
    result = await self._request_wrapper(
             ^^^^^^^^^^^^^^^^^^^^^^^^^^^^
  File "/home/jabez/.cache/pypoetry/virtualenvs/kebede-bot-4wRYckUS-py3.12/lib/python3.12/site-packages/telegram/request/_baserequest.py", line 333, in _request_wrapper
    code, payload = await self.do_request(
                    ^^^^^^^^^^^^^^^^^^^^^^
  File "/home/jabez/.cache/pypoetry/virtualenvs/kebede-bot-4wRYckUS-py3.12/lib/python3.12/site-packages/telegram/request/_httpxrequest.py", line 316, in do_request
    raise NetworkError(f"httpx.{err.__class__.__name__}: {err}") from err
telegram.error.NetworkError: httpx.ConnectError: [Errno -3] Temporary failure in name resolution
2024-11-07 22:09:56,146 - No error handlers are registered, logging exception.
Traceback (most recent call last):
  File "/home/jabez/.cache/pypoetry/virtualenvs/kebede-bot-4wRYckUS-py3.12/lib/python3.12/site-packages/httpx/_transports/default.py", line 72, in map_httpcore_exceptions
    yield
  File "/home/jabez/.cache/pypoetry/virtualenvs/kebede-bot-4wRYckUS-py3.12/lib/python3.12/site-packages/httpx/_transports/default.py", line 377, in handle_async_request
    resp = await self._pool.handle_async_request(req)
           ^^^^^^^^^^^^^^^^^^^^^^^^^^^^^^^^^^^^^^^^^^
  File "/home/jabez/.cache/pypoetry/virtualenvs/kebede-bot-4wRYckUS-py3.12/lib/python3.12/site-packages/httpcore/_async/connection_pool.py", line 216, in handle_async_request
    raise exc from None
  File "/home/jabez/.cache/pypoetry/virtualenvs/kebede-bot-4wRYckUS-py3.12/lib/python3.12/site-packages/httpcore/_async/connection_pool.py", line 196, in handle_async_request
    response = await connection.handle_async_request(
               ^^^^^^^^^^^^^^^^^^^^^^^^^^^^^^^^^^^^^^
  File "/home/jabez/.cache/pypoetry/virtualenvs/kebede-bot-4wRYckUS-py3.12/lib/python3.12/site-packages/httpcore/_async/connection.py", line 99, in handle_async_request
    raise exc
  File "/home/jabez/.cache/pypoetry/virtualenvs/kebede-bot-4wRYckUS-py3.12/lib/python3.12/site-packages/httpcore/_async/connection.py", line 76, in handle_async_request
    stream = await self._connect(request)
             ^^^^^^^^^^^^^^^^^^^^^^^^^^^^
  File "/home/jabez/.cache/pypoetry/virtualenvs/kebede-bot-4wRYckUS-py3.12/lib/python3.12/site-packages/httpcore/_async/connection.py", line 122, in _connect
    stream = await self._network_backend.connect_tcp(**kwargs)
             ^^^^^^^^^^^^^^^^^^^^^^^^^^^^^^^^^^^^^^^^^^^^^^^^^
  File "/home/jabez/.cache/pypoetry/virtualenvs/kebede-bot-4wRYckUS-py3.12/lib/python3.12/site-packages/httpcore/_backends/auto.py", line 30, in connect_tcp
    return await self._backend.connect_tcp(
           ^^^^^^^^^^^^^^^^^^^^^^^^^^^^^^^^
  File "/home/jabez/.cache/pypoetry/virtualenvs/kebede-bot-4wRYckUS-py3.12/lib/python3.12/site-packages/httpcore/_backends/anyio.py", line 115, in connect_tcp
    with map_exceptions(exc_map):
  File "/usr/lib/python3.12/contextlib.py", line 158, in __exit__
    self.gen.throw(value)
  File "/home/jabez/.cache/pypoetry/virtualenvs/kebede-bot-4wRYckUS-py3.12/lib/python3.12/site-packages/httpcore/_exceptions.py", line 14, in map_exceptions
    raise to_exc(exc) from exc
httpcore.ConnectError: [Errno -3] Temporary failure in name resolution

The above exception was the direct cause of the following exception:

Traceback (most recent call last):
  File "/home/jabez/.cache/pypoetry/virtualenvs/kebede-bot-4wRYckUS-py3.12/lib/python3.12/site-packages/telegram/request/_httpxrequest.py", line 292, in do_request
    res = await self._client.request(
          ^^^^^^^^^^^^^^^^^^^^^^^^^^^
  File "/home/jabez/.cache/pypoetry/virtualenvs/kebede-bot-4wRYckUS-py3.12/lib/python3.12/site-packages/httpx/_client.py", line 1585, in request
    return await self.send(request, auth=auth, follow_redirects=follow_redirects)
           ^^^^^^^^^^^^^^^^^^^^^^^^^^^^^^^^^^^^^^^^^^^^^^^^^^^^^^^^^^^^^^^^^^^^^^
  File "/home/jabez/.cache/pypoetry/virtualenvs/kebede-bot-4wRYckUS-py3.12/lib/python3.12/site-packages/httpx/_client.py", line 1674, in send
    response = await self._send_handling_auth(
               ^^^^^^^^^^^^^^^^^^^^^^^^^^^^^^^
  File "/home/jabez/.cache/pypoetry/virtualenvs/kebede-bot-4wRYckUS-py3.12/lib/python3.12/site-packages/httpx/_client.py", line 1702, in _send_handling_auth
    response = await self._send_handling_redirects(
               ^^^^^^^^^^^^^^^^^^^^^^^^^^^^^^^^^^^^
  File "/home/jabez/.cache/pypoetry/virtualenvs/kebede-bot-4wRYckUS-py3.12/lib/python3.12/site-packages/httpx/_client.py", line 1739, in _send_handling_redirects
    response = await self._send_single_request(request)
               ^^^^^^^^^^^^^^^^^^^^^^^^^^^^^^^^^^^^^^^^
  File "/home/jabez/.cache/pypoetry/virtualenvs/kebede-bot-4wRYckUS-py3.12/lib/python3.12/site-packages/httpx/_client.py", line 1776, in _send_single_request
    response = await transport.handle_async_request(request)
               ^^^^^^^^^^^^^^^^^^^^^^^^^^^^^^^^^^^^^^^^^^^^^
  File "/home/jabez/.cache/pypoetry/virtualenvs/kebede-bot-4wRYckUS-py3.12/lib/python3.12/site-packages/httpx/_transports/default.py", line 376, in handle_async_request
    with map_httpcore_exceptions():
  File "/usr/lib/python3.12/contextlib.py", line 158, in __exit__
    self.gen.throw(value)
  File "/home/jabez/.cache/pypoetry/virtualenvs/kebede-bot-4wRYckUS-py3.12/lib/python3.12/site-packages/httpx/_transports/default.py", line 89, in map_httpcore_exceptions
    raise mapped_exc(message) from exc
httpx.ConnectError: [Errno -3] Temporary failure in name resolution

The above exception was the direct cause of the following exception:

Traceback (most recent call last):
  File "/home/jabez/.cache/pypoetry/virtualenvs/kebede-bot-4wRYckUS-py3.12/lib/python3.12/site-packages/telegram/ext/_updater.py", line 753, in _network_loop_retry
    if not await do_action():
           ^^^^^^^^^^^^^^^^^
  File "/home/jabez/.cache/pypoetry/virtualenvs/kebede-bot-4wRYckUS-py3.12/lib/python3.12/site-packages/telegram/ext/_updater.py", line 747, in do_action
    return action_cb_task.result()
           ^^^^^^^^^^^^^^^^^^^^^^^
  File "/home/jabez/.cache/pypoetry/virtualenvs/kebede-bot-4wRYckUS-py3.12/lib/python3.12/site-packages/telegram/ext/_updater.py", line 377, in polling_action_cb
    updates = await self.bot.get_updates(
              ^^^^^^^^^^^^^^^^^^^^^^^^^^^
  File "/home/jabez/.cache/pypoetry/virtualenvs/kebede-bot-4wRYckUS-py3.12/lib/python3.12/site-packages/telegram/ext/_extbot.py", line 649, in get_updates
    updates = await super().get_updates(
              ^^^^^^^^^^^^^^^^^^^^^^^^^^
  File "/home/jabez/.cache/pypoetry/virtualenvs/kebede-bot-4wRYckUS-py3.12/lib/python3.12/site-packages/telegram/_bot.py", line 4366, in get_updates
    await self._post(
  File "/home/jabez/.cache/pypoetry/virtualenvs/kebede-bot-4wRYckUS-py3.12/lib/python3.12/site-packages/telegram/_bot.py", line 623, in _post
    return await self._do_post(
           ^^^^^^^^^^^^^^^^^^^^
  File "/home/jabez/.cache/pypoetry/virtualenvs/kebede-bot-4wRYckUS-py3.12/lib/python3.12/site-packages/telegram/ext/_extbot.py", line 355, in _do_post
    return await super()._do_post(
           ^^^^^^^^^^^^^^^^^^^^^^^
  File "/home/jabez/.cache/pypoetry/virtualenvs/kebede-bot-4wRYckUS-py3.12/lib/python3.12/site-packages/telegram/_bot.py", line 652, in _do_post
    result = await request.post(
             ^^^^^^^^^^^^^^^^^^^
  File "/home/jabez/.cache/pypoetry/virtualenvs/kebede-bot-4wRYckUS-py3.12/lib/python3.12/site-packages/telegram/request/_baserequest.py", line 201, in post
    result = await self._request_wrapper(
             ^^^^^^^^^^^^^^^^^^^^^^^^^^^^
  File "/home/jabez/.cache/pypoetry/virtualenvs/kebede-bot-4wRYckUS-py3.12/lib/python3.12/site-packages/telegram/request/_baserequest.py", line 333, in _request_wrapper
    code, payload = await self.do_request(
                    ^^^^^^^^^^^^^^^^^^^^^^
  File "/home/jabez/.cache/pypoetry/virtualenvs/kebede-bot-4wRYckUS-py3.12/lib/python3.12/site-packages/telegram/request/_httpxrequest.py", line 316, in do_request
    raise NetworkError(f"httpx.{err.__class__.__name__}: {err}") from err
telegram.error.NetworkError: httpx.ConnectError: [Errno -3] Temporary failure in name resolution
2024-11-07 22:10:07,554 - No error handlers are registered, logging exception.
Traceback (most recent call last):
  File "/home/jabez/.cache/pypoetry/virtualenvs/kebede-bot-4wRYckUS-py3.12/lib/python3.12/site-packages/httpx/_transports/default.py", line 72, in map_httpcore_exceptions
    yield
  File "/home/jabez/.cache/pypoetry/virtualenvs/kebede-bot-4wRYckUS-py3.12/lib/python3.12/site-packages/httpx/_transports/default.py", line 377, in handle_async_request
    resp = await self._pool.handle_async_request(req)
           ^^^^^^^^^^^^^^^^^^^^^^^^^^^^^^^^^^^^^^^^^^
  File "/home/jabez/.cache/pypoetry/virtualenvs/kebede-bot-4wRYckUS-py3.12/lib/python3.12/site-packages/httpcore/_async/connection_pool.py", line 216, in handle_async_request
    raise exc from None
  File "/home/jabez/.cache/pypoetry/virtualenvs/kebede-bot-4wRYckUS-py3.12/lib/python3.12/site-packages/httpcore/_async/connection_pool.py", line 196, in handle_async_request
    response = await connection.handle_async_request(
               ^^^^^^^^^^^^^^^^^^^^^^^^^^^^^^^^^^^^^^
  File "/home/jabez/.cache/pypoetry/virtualenvs/kebede-bot-4wRYckUS-py3.12/lib/python3.12/site-packages/httpcore/_async/connection.py", line 99, in handle_async_request
    raise exc
  File "/home/jabez/.cache/pypoetry/virtualenvs/kebede-bot-4wRYckUS-py3.12/lib/python3.12/site-packages/httpcore/_async/connection.py", line 76, in handle_async_request
    stream = await self._connect(request)
             ^^^^^^^^^^^^^^^^^^^^^^^^^^^^
  File "/home/jabez/.cache/pypoetry/virtualenvs/kebede-bot-4wRYckUS-py3.12/lib/python3.12/site-packages/httpcore/_async/connection.py", line 122, in _connect
    stream = await self._network_backend.connect_tcp(**kwargs)
             ^^^^^^^^^^^^^^^^^^^^^^^^^^^^^^^^^^^^^^^^^^^^^^^^^
  File "/home/jabez/.cache/pypoetry/virtualenvs/kebede-bot-4wRYckUS-py3.12/lib/python3.12/site-packages/httpcore/_backends/auto.py", line 30, in connect_tcp
    return await self._backend.connect_tcp(
           ^^^^^^^^^^^^^^^^^^^^^^^^^^^^^^^^
  File "/home/jabez/.cache/pypoetry/virtualenvs/kebede-bot-4wRYckUS-py3.12/lib/python3.12/site-packages/httpcore/_backends/anyio.py", line 115, in connect_tcp
    with map_exceptions(exc_map):
  File "/usr/lib/python3.12/contextlib.py", line 158, in __exit__
    self.gen.throw(value)
  File "/home/jabez/.cache/pypoetry/virtualenvs/kebede-bot-4wRYckUS-py3.12/lib/python3.12/site-packages/httpcore/_exceptions.py", line 14, in map_exceptions
    raise to_exc(exc) from exc
httpcore.ConnectError: [Errno -3] Temporary failure in name resolution

The above exception was the direct cause of the following exception:

Traceback (most recent call last):
  File "/home/jabez/.cache/pypoetry/virtualenvs/kebede-bot-4wRYckUS-py3.12/lib/python3.12/site-packages/telegram/request/_httpxrequest.py", line 292, in do_request
    res = await self._client.request(
          ^^^^^^^^^^^^^^^^^^^^^^^^^^^
  File "/home/jabez/.cache/pypoetry/virtualenvs/kebede-bot-4wRYckUS-py3.12/lib/python3.12/site-packages/httpx/_client.py", line 1585, in request
    return await self.send(request, auth=auth, follow_redirects=follow_redirects)
           ^^^^^^^^^^^^^^^^^^^^^^^^^^^^^^^^^^^^^^^^^^^^^^^^^^^^^^^^^^^^^^^^^^^^^^
  File "/home/jabez/.cache/pypoetry/virtualenvs/kebede-bot-4wRYckUS-py3.12/lib/python3.12/site-packages/httpx/_client.py", line 1674, in send
    response = await self._send_handling_auth(
               ^^^^^^^^^^^^^^^^^^^^^^^^^^^^^^^
  File "/home/jabez/.cache/pypoetry/virtualenvs/kebede-bot-4wRYckUS-py3.12/lib/python3.12/site-packages/httpx/_client.py", line 1702, in _send_handling_auth
    response = await self._send_handling_redirects(
               ^^^^^^^^^^^^^^^^^^^^^^^^^^^^^^^^^^^^
  File "/home/jabez/.cache/pypoetry/virtualenvs/kebede-bot-4wRYckUS-py3.12/lib/python3.12/site-packages/httpx/_client.py", line 1739, in _send_handling_redirects
    response = await self._send_single_request(request)
               ^^^^^^^^^^^^^^^^^^^^^^^^^^^^^^^^^^^^^^^^
  File "/home/jabez/.cache/pypoetry/virtualenvs/kebede-bot-4wRYckUS-py3.12/lib/python3.12/site-packages/httpx/_client.py", line 1776, in _send_single_request
    response = await transport.handle_async_request(request)
               ^^^^^^^^^^^^^^^^^^^^^^^^^^^^^^^^^^^^^^^^^^^^^
  File "/home/jabez/.cache/pypoetry/virtualenvs/kebede-bot-4wRYckUS-py3.12/lib/python3.12/site-packages/httpx/_transports/default.py", line 376, in handle_async_request
    with map_httpcore_exceptions():
  File "/usr/lib/python3.12/contextlib.py", line 158, in __exit__
    self.gen.throw(value)
  File "/home/jabez/.cache/pypoetry/virtualenvs/kebede-bot-4wRYckUS-py3.12/lib/python3.12/site-packages/httpx/_transports/default.py", line 89, in map_httpcore_exceptions
    raise mapped_exc(message) from exc
httpx.ConnectError: [Errno -3] Temporary failure in name resolution

The above exception was the direct cause of the following exception:

Traceback (most recent call last):
  File "/home/jabez/.cache/pypoetry/virtualenvs/kebede-bot-4wRYckUS-py3.12/lib/python3.12/site-packages/telegram/ext/_updater.py", line 753, in _network_loop_retry
    if not await do_action():
           ^^^^^^^^^^^^^^^^^
  File "/home/jabez/.cache/pypoetry/virtualenvs/kebede-bot-4wRYckUS-py3.12/lib/python3.12/site-packages/telegram/ext/_updater.py", line 747, in do_action
    return action_cb_task.result()
           ^^^^^^^^^^^^^^^^^^^^^^^
  File "/home/jabez/.cache/pypoetry/virtualenvs/kebede-bot-4wRYckUS-py3.12/lib/python3.12/site-packages/telegram/ext/_updater.py", line 377, in polling_action_cb
    updates = await self.bot.get_updates(
              ^^^^^^^^^^^^^^^^^^^^^^^^^^^
  File "/home/jabez/.cache/pypoetry/virtualenvs/kebede-bot-4wRYckUS-py3.12/lib/python3.12/site-packages/telegram/ext/_extbot.py", line 649, in get_updates
    updates = await super().get_updates(
              ^^^^^^^^^^^^^^^^^^^^^^^^^^
  File "/home/jabez/.cache/pypoetry/virtualenvs/kebede-bot-4wRYckUS-py3.12/lib/python3.12/site-packages/telegram/_bot.py", line 4366, in get_updates
    await self._post(
  File "/home/jabez/.cache/pypoetry/virtualenvs/kebede-bot-4wRYckUS-py3.12/lib/python3.12/site-packages/telegram/_bot.py", line 623, in _post
    return await self._do_post(
           ^^^^^^^^^^^^^^^^^^^^
  File "/home/jabez/.cache/pypoetry/virtualenvs/kebede-bot-4wRYckUS-py3.12/lib/python3.12/site-packages/telegram/ext/_extbot.py", line 355, in _do_post
    return await super()._do_post(
           ^^^^^^^^^^^^^^^^^^^^^^^
  File "/home/jabez/.cache/pypoetry/virtualenvs/kebede-bot-4wRYckUS-py3.12/lib/python3.12/site-packages/telegram/_bot.py", line 652, in _do_post
    result = await request.post(
             ^^^^^^^^^^^^^^^^^^^
  File "/home/jabez/.cache/pypoetry/virtualenvs/kebede-bot-4wRYckUS-py3.12/lib/python3.12/site-packages/telegram/request/_baserequest.py", line 201, in post
    result = await self._request_wrapper(
             ^^^^^^^^^^^^^^^^^^^^^^^^^^^^
  File "/home/jabez/.cache/pypoetry/virtualenvs/kebede-bot-4wRYckUS-py3.12/lib/python3.12/site-packages/telegram/request/_baserequest.py", line 333, in _request_wrapper
    code, payload = await self.do_request(
                    ^^^^^^^^^^^^^^^^^^^^^^
  File "/home/jabez/.cache/pypoetry/virtualenvs/kebede-bot-4wRYckUS-py3.12/lib/python3.12/site-packages/telegram/request/_httpxrequest.py", line 316, in do_request
    raise NetworkError(f"httpx.{err.__class__.__name__}: {err}") from err
telegram.error.NetworkError: httpx.ConnectError: [Errno -3] Temporary failure in name resolution
2024-11-07 22:10:24,662 - No error handlers are registered, logging exception.
Traceback (most recent call last):
  File "/home/jabez/.cache/pypoetry/virtualenvs/kebede-bot-4wRYckUS-py3.12/lib/python3.12/site-packages/httpx/_transports/default.py", line 72, in map_httpcore_exceptions
    yield
  File "/home/jabez/.cache/pypoetry/virtualenvs/kebede-bot-4wRYckUS-py3.12/lib/python3.12/site-packages/httpx/_transports/default.py", line 377, in handle_async_request
    resp = await self._pool.handle_async_request(req)
           ^^^^^^^^^^^^^^^^^^^^^^^^^^^^^^^^^^^^^^^^^^
  File "/home/jabez/.cache/pypoetry/virtualenvs/kebede-bot-4wRYckUS-py3.12/lib/python3.12/site-packages/httpcore/_async/connection_pool.py", line 216, in handle_async_request
    raise exc from None
  File "/home/jabez/.cache/pypoetry/virtualenvs/kebede-bot-4wRYckUS-py3.12/lib/python3.12/site-packages/httpcore/_async/connection_pool.py", line 196, in handle_async_request
    response = await connection.handle_async_request(
               ^^^^^^^^^^^^^^^^^^^^^^^^^^^^^^^^^^^^^^
  File "/home/jabez/.cache/pypoetry/virtualenvs/kebede-bot-4wRYckUS-py3.12/lib/python3.12/site-packages/httpcore/_async/connection.py", line 99, in handle_async_request
    raise exc
  File "/home/jabez/.cache/pypoetry/virtualenvs/kebede-bot-4wRYckUS-py3.12/lib/python3.12/site-packages/httpcore/_async/connection.py", line 76, in handle_async_request
    stream = await self._connect(request)
             ^^^^^^^^^^^^^^^^^^^^^^^^^^^^
  File "/home/jabez/.cache/pypoetry/virtualenvs/kebede-bot-4wRYckUS-py3.12/lib/python3.12/site-packages/httpcore/_async/connection.py", line 122, in _connect
    stream = await self._network_backend.connect_tcp(**kwargs)
             ^^^^^^^^^^^^^^^^^^^^^^^^^^^^^^^^^^^^^^^^^^^^^^^^^
  File "/home/jabez/.cache/pypoetry/virtualenvs/kebede-bot-4wRYckUS-py3.12/lib/python3.12/site-packages/httpcore/_backends/auto.py", line 30, in connect_tcp
    return await self._backend.connect_tcp(
           ^^^^^^^^^^^^^^^^^^^^^^^^^^^^^^^^
  File "/home/jabez/.cache/pypoetry/virtualenvs/kebede-bot-4wRYckUS-py3.12/lib/python3.12/site-packages/httpcore/_backends/anyio.py", line 115, in connect_tcp
    with map_exceptions(exc_map):
  File "/usr/lib/python3.12/contextlib.py", line 158, in __exit__
    self.gen.throw(value)
  File "/home/jabez/.cache/pypoetry/virtualenvs/kebede-bot-4wRYckUS-py3.12/lib/python3.12/site-packages/httpcore/_exceptions.py", line 14, in map_exceptions
    raise to_exc(exc) from exc
httpcore.ConnectError: [Errno -3] Temporary failure in name resolution

The above exception was the direct cause of the following exception:

Traceback (most recent call last):
  File "/home/jabez/.cache/pypoetry/virtualenvs/kebede-bot-4wRYckUS-py3.12/lib/python3.12/site-packages/telegram/request/_httpxrequest.py", line 292, in do_request
    res = await self._client.request(
          ^^^^^^^^^^^^^^^^^^^^^^^^^^^
  File "/home/jabez/.cache/pypoetry/virtualenvs/kebede-bot-4wRYckUS-py3.12/lib/python3.12/site-packages/httpx/_client.py", line 1585, in request
    return await self.send(request, auth=auth, follow_redirects=follow_redirects)
           ^^^^^^^^^^^^^^^^^^^^^^^^^^^^^^^^^^^^^^^^^^^^^^^^^^^^^^^^^^^^^^^^^^^^^^
  File "/home/jabez/.cache/pypoetry/virtualenvs/kebede-bot-4wRYckUS-py3.12/lib/python3.12/site-packages/httpx/_client.py", line 1674, in send
    response = await self._send_handling_auth(
               ^^^^^^^^^^^^^^^^^^^^^^^^^^^^^^^
  File "/home/jabez/.cache/pypoetry/virtualenvs/kebede-bot-4wRYckUS-py3.12/lib/python3.12/site-packages/httpx/_client.py", line 1702, in _send_handling_auth
    response = await self._send_handling_redirects(
               ^^^^^^^^^^^^^^^^^^^^^^^^^^^^^^^^^^^^
  File "/home/jabez/.cache/pypoetry/virtualenvs/kebede-bot-4wRYckUS-py3.12/lib/python3.12/site-packages/httpx/_client.py", line 1739, in _send_handling_redirects
    response = await self._send_single_request(request)
               ^^^^^^^^^^^^^^^^^^^^^^^^^^^^^^^^^^^^^^^^
  File "/home/jabez/.cache/pypoetry/virtualenvs/kebede-bot-4wRYckUS-py3.12/lib/python3.12/site-packages/httpx/_client.py", line 1776, in _send_single_request
    response = await transport.handle_async_request(request)
               ^^^^^^^^^^^^^^^^^^^^^^^^^^^^^^^^^^^^^^^^^^^^^
  File "/home/jabez/.cache/pypoetry/virtualenvs/kebede-bot-4wRYckUS-py3.12/lib/python3.12/site-packages/httpx/_transports/default.py", line 376, in handle_async_request
    with map_httpcore_exceptions():
  File "/usr/lib/python3.12/contextlib.py", line 158, in __exit__
    self.gen.throw(value)
  File "/home/jabez/.cache/pypoetry/virtualenvs/kebede-bot-4wRYckUS-py3.12/lib/python3.12/site-packages/httpx/_transports/default.py", line 89, in map_httpcore_exceptions
    raise mapped_exc(message) from exc
httpx.ConnectError: [Errno -3] Temporary failure in name resolution

The above exception was the direct cause of the following exception:

Traceback (most recent call last):
  File "/home/jabez/.cache/pypoetry/virtualenvs/kebede-bot-4wRYckUS-py3.12/lib/python3.12/site-packages/telegram/ext/_updater.py", line 753, in _network_loop_retry
    if not await do_action():
           ^^^^^^^^^^^^^^^^^
  File "/home/jabez/.cache/pypoetry/virtualenvs/kebede-bot-4wRYckUS-py3.12/lib/python3.12/site-packages/telegram/ext/_updater.py", line 747, in do_action
    return action_cb_task.result()
           ^^^^^^^^^^^^^^^^^^^^^^^
  File "/home/jabez/.cache/pypoetry/virtualenvs/kebede-bot-4wRYckUS-py3.12/lib/python3.12/site-packages/telegram/ext/_updater.py", line 377, in polling_action_cb
    updates = await self.bot.get_updates(
              ^^^^^^^^^^^^^^^^^^^^^^^^^^^
  File "/home/jabez/.cache/pypoetry/virtualenvs/kebede-bot-4wRYckUS-py3.12/lib/python3.12/site-packages/telegram/ext/_extbot.py", line 649, in get_updates
    updates = await super().get_updates(
              ^^^^^^^^^^^^^^^^^^^^^^^^^^
  File "/home/jabez/.cache/pypoetry/virtualenvs/kebede-bot-4wRYckUS-py3.12/lib/python3.12/site-packages/telegram/_bot.py", line 4366, in get_updates
    await self._post(
  File "/home/jabez/.cache/pypoetry/virtualenvs/kebede-bot-4wRYckUS-py3.12/lib/python3.12/site-packages/telegram/_bot.py", line 623, in _post
    return await self._do_post(
           ^^^^^^^^^^^^^^^^^^^^
  File "/home/jabez/.cache/pypoetry/virtualenvs/kebede-bot-4wRYckUS-py3.12/lib/python3.12/site-packages/telegram/ext/_extbot.py", line 355, in _do_post
    return await super()._do_post(
           ^^^^^^^^^^^^^^^^^^^^^^^
  File "/home/jabez/.cache/pypoetry/virtualenvs/kebede-bot-4wRYckUS-py3.12/lib/python3.12/site-packages/telegram/_bot.py", line 652, in _do_post
    result = await request.post(
             ^^^^^^^^^^^^^^^^^^^
  File "/home/jabez/.cache/pypoetry/virtualenvs/kebede-bot-4wRYckUS-py3.12/lib/python3.12/site-packages/telegram/request/_baserequest.py", line 201, in post
    result = await self._request_wrapper(
             ^^^^^^^^^^^^^^^^^^^^^^^^^^^^
  File "/home/jabez/.cache/pypoetry/virtualenvs/kebede-bot-4wRYckUS-py3.12/lib/python3.12/site-packages/telegram/request/_baserequest.py", line 333, in _request_wrapper
    code, payload = await self.do_request(
                    ^^^^^^^^^^^^^^^^^^^^^^
  File "/home/jabez/.cache/pypoetry/virtualenvs/kebede-bot-4wRYckUS-py3.12/lib/python3.12/site-packages/telegram/request/_httpxrequest.py", line 316, in do_request
    raise NetworkError(f"httpx.{err.__class__.__name__}: {err}") from err
telegram.error.NetworkError: httpx.ConnectError: [Errno -3] Temporary failure in name resolution
2024-11-07 22:10:50,399 - No error handlers are registered, logging exception.
Traceback (most recent call last):
  File "/home/jabez/.cache/pypoetry/virtualenvs/kebede-bot-4wRYckUS-py3.12/lib/python3.12/site-packages/httpx/_transports/default.py", line 72, in map_httpcore_exceptions
    yield
  File "/home/jabez/.cache/pypoetry/virtualenvs/kebede-bot-4wRYckUS-py3.12/lib/python3.12/site-packages/httpx/_transports/default.py", line 377, in handle_async_request
    resp = await self._pool.handle_async_request(req)
           ^^^^^^^^^^^^^^^^^^^^^^^^^^^^^^^^^^^^^^^^^^
  File "/home/jabez/.cache/pypoetry/virtualenvs/kebede-bot-4wRYckUS-py3.12/lib/python3.12/site-packages/httpcore/_async/connection_pool.py", line 216, in handle_async_request
    raise exc from None
  File "/home/jabez/.cache/pypoetry/virtualenvs/kebede-bot-4wRYckUS-py3.12/lib/python3.12/site-packages/httpcore/_async/connection_pool.py", line 196, in handle_async_request
    response = await connection.handle_async_request(
               ^^^^^^^^^^^^^^^^^^^^^^^^^^^^^^^^^^^^^^
  File "/home/jabez/.cache/pypoetry/virtualenvs/kebede-bot-4wRYckUS-py3.12/lib/python3.12/site-packages/httpcore/_async/connection.py", line 99, in handle_async_request
    raise exc
  File "/home/jabez/.cache/pypoetry/virtualenvs/kebede-bot-4wRYckUS-py3.12/lib/python3.12/site-packages/httpcore/_async/connection.py", line 76, in handle_async_request
    stream = await self._connect(request)
             ^^^^^^^^^^^^^^^^^^^^^^^^^^^^
  File "/home/jabez/.cache/pypoetry/virtualenvs/kebede-bot-4wRYckUS-py3.12/lib/python3.12/site-packages/httpcore/_async/connection.py", line 122, in _connect
    stream = await self._network_backend.connect_tcp(**kwargs)
             ^^^^^^^^^^^^^^^^^^^^^^^^^^^^^^^^^^^^^^^^^^^^^^^^^
  File "/home/jabez/.cache/pypoetry/virtualenvs/kebede-bot-4wRYckUS-py3.12/lib/python3.12/site-packages/httpcore/_backends/auto.py", line 30, in connect_tcp
    return await self._backend.connect_tcp(
           ^^^^^^^^^^^^^^^^^^^^^^^^^^^^^^^^
  File "/home/jabez/.cache/pypoetry/virtualenvs/kebede-bot-4wRYckUS-py3.12/lib/python3.12/site-packages/httpcore/_backends/anyio.py", line 115, in connect_tcp
    with map_exceptions(exc_map):
  File "/usr/lib/python3.12/contextlib.py", line 158, in __exit__
    self.gen.throw(value)
  File "/home/jabez/.cache/pypoetry/virtualenvs/kebede-bot-4wRYckUS-py3.12/lib/python3.12/site-packages/httpcore/_exceptions.py", line 14, in map_exceptions
    raise to_exc(exc) from exc
httpcore.ConnectError: [Errno -3] Temporary failure in name resolution

The above exception was the direct cause of the following exception:

Traceback (most recent call last):
  File "/home/jabez/.cache/pypoetry/virtualenvs/kebede-bot-4wRYckUS-py3.12/lib/python3.12/site-packages/telegram/request/_httpxrequest.py", line 292, in do_request
    res = await self._client.request(
          ^^^^^^^^^^^^^^^^^^^^^^^^^^^
  File "/home/jabez/.cache/pypoetry/virtualenvs/kebede-bot-4wRYckUS-py3.12/lib/python3.12/site-packages/httpx/_client.py", line 1585, in request
    return await self.send(request, auth=auth, follow_redirects=follow_redirects)
           ^^^^^^^^^^^^^^^^^^^^^^^^^^^^^^^^^^^^^^^^^^^^^^^^^^^^^^^^^^^^^^^^^^^^^^
  File "/home/jabez/.cache/pypoetry/virtualenvs/kebede-bot-4wRYckUS-py3.12/lib/python3.12/site-packages/httpx/_client.py", line 1674, in send
    response = await self._send_handling_auth(
               ^^^^^^^^^^^^^^^^^^^^^^^^^^^^^^^
  File "/home/jabez/.cache/pypoetry/virtualenvs/kebede-bot-4wRYckUS-py3.12/lib/python3.12/site-packages/httpx/_client.py", line 1702, in _send_handling_auth
    response = await self._send_handling_redirects(
               ^^^^^^^^^^^^^^^^^^^^^^^^^^^^^^^^^^^^
  File "/home/jabez/.cache/pypoetry/virtualenvs/kebede-bot-4wRYckUS-py3.12/lib/python3.12/site-packages/httpx/_client.py", line 1739, in _send_handling_redirects
    response = await self._send_single_request(request)
               ^^^^^^^^^^^^^^^^^^^^^^^^^^^^^^^^^^^^^^^^
  File "/home/jabez/.cache/pypoetry/virtualenvs/kebede-bot-4wRYckUS-py3.12/lib/python3.12/site-packages/httpx/_client.py", line 1776, in _send_single_request
    response = await transport.handle_async_request(request)
               ^^^^^^^^^^^^^^^^^^^^^^^^^^^^^^^^^^^^^^^^^^^^^
  File "/home/jabez/.cache/pypoetry/virtualenvs/kebede-bot-4wRYckUS-py3.12/lib/python3.12/site-packages/httpx/_transports/default.py", line 376, in handle_async_request
    with map_httpcore_exceptions():
  File "/usr/lib/python3.12/contextlib.py", line 158, in __exit__
    self.gen.throw(value)
  File "/home/jabez/.cache/pypoetry/virtualenvs/kebede-bot-4wRYckUS-py3.12/lib/python3.12/site-packages/httpx/_transports/default.py", line 89, in map_httpcore_exceptions
    raise mapped_exc(message) from exc
httpx.ConnectError: [Errno -3] Temporary failure in name resolution

The above exception was the direct cause of the following exception:

Traceback (most recent call last):
  File "/home/jabez/.cache/pypoetry/virtualenvs/kebede-bot-4wRYckUS-py3.12/lib/python3.12/site-packages/telegram/ext/_updater.py", line 753, in _network_loop_retry
    if not await do_action():
           ^^^^^^^^^^^^^^^^^
  File "/home/jabez/.cache/pypoetry/virtualenvs/kebede-bot-4wRYckUS-py3.12/lib/python3.12/site-packages/telegram/ext/_updater.py", line 747, in do_action
    return action_cb_task.result()
           ^^^^^^^^^^^^^^^^^^^^^^^
  File "/home/jabez/.cache/pypoetry/virtualenvs/kebede-bot-4wRYckUS-py3.12/lib/python3.12/site-packages/telegram/ext/_updater.py", line 377, in polling_action_cb
    updates = await self.bot.get_updates(
              ^^^^^^^^^^^^^^^^^^^^^^^^^^^
  File "/home/jabez/.cache/pypoetry/virtualenvs/kebede-bot-4wRYckUS-py3.12/lib/python3.12/site-packages/telegram/ext/_extbot.py", line 649, in get_updates
    updates = await super().get_updates(
              ^^^^^^^^^^^^^^^^^^^^^^^^^^
  File "/home/jabez/.cache/pypoetry/virtualenvs/kebede-bot-4wRYckUS-py3.12/lib/python3.12/site-packages/telegram/_bot.py", line 4366, in get_updates
    await self._post(
  File "/home/jabez/.cache/pypoetry/virtualenvs/kebede-bot-4wRYckUS-py3.12/lib/python3.12/site-packages/telegram/_bot.py", line 623, in _post
    return await self._do_post(
           ^^^^^^^^^^^^^^^^^^^^
  File "/home/jabez/.cache/pypoetry/virtualenvs/kebede-bot-4wRYckUS-py3.12/lib/python3.12/site-packages/telegram/ext/_extbot.py", line 355, in _do_post
    return await super()._do_post(
           ^^^^^^^^^^^^^^^^^^^^^^^
  File "/home/jabez/.cache/pypoetry/virtualenvs/kebede-bot-4wRYckUS-py3.12/lib/python3.12/site-packages/telegram/_bot.py", line 652, in _do_post
    result = await request.post(
             ^^^^^^^^^^^^^^^^^^^
  File "/home/jabez/.cache/pypoetry/virtualenvs/kebede-bot-4wRYckUS-py3.12/lib/python3.12/site-packages/telegram/request/_baserequest.py", line 201, in post
    result = await self._request_wrapper(
             ^^^^^^^^^^^^^^^^^^^^^^^^^^^^
  File "/home/jabez/.cache/pypoetry/virtualenvs/kebede-bot-4wRYckUS-py3.12/lib/python3.12/site-packages/telegram/request/_baserequest.py", line 333, in _request_wrapper
    code, payload = await self.do_request(
                    ^^^^^^^^^^^^^^^^^^^^^^
  File "/home/jabez/.cache/pypoetry/virtualenvs/kebede-bot-4wRYckUS-py3.12/lib/python3.12/site-packages/telegram/request/_httpxrequest.py", line 316, in do_request
    raise NetworkError(f"httpx.{err.__class__.__name__}: {err}") from err
telegram.error.NetworkError: httpx.ConnectError: [Errno -3] Temporary failure in name resolution
2024-11-07 22:11:20,449 - No error handlers are registered, logging exception.
Traceback (most recent call last):
  File "/home/jabez/.cache/pypoetry/virtualenvs/kebede-bot-4wRYckUS-py3.12/lib/python3.12/site-packages/httpx/_transports/default.py", line 72, in map_httpcore_exceptions
    yield
  File "/home/jabez/.cache/pypoetry/virtualenvs/kebede-bot-4wRYckUS-py3.12/lib/python3.12/site-packages/httpx/_transports/default.py", line 377, in handle_async_request
    resp = await self._pool.handle_async_request(req)
           ^^^^^^^^^^^^^^^^^^^^^^^^^^^^^^^^^^^^^^^^^^
  File "/home/jabez/.cache/pypoetry/virtualenvs/kebede-bot-4wRYckUS-py3.12/lib/python3.12/site-packages/httpcore/_async/connection_pool.py", line 216, in handle_async_request
    raise exc from None
  File "/home/jabez/.cache/pypoetry/virtualenvs/kebede-bot-4wRYckUS-py3.12/lib/python3.12/site-packages/httpcore/_async/connection_pool.py", line 196, in handle_async_request
    response = await connection.handle_async_request(
               ^^^^^^^^^^^^^^^^^^^^^^^^^^^^^^^^^^^^^^
  File "/home/jabez/.cache/pypoetry/virtualenvs/kebede-bot-4wRYckUS-py3.12/lib/python3.12/site-packages/httpcore/_async/connection.py", line 99, in handle_async_request
    raise exc
  File "/home/jabez/.cache/pypoetry/virtualenvs/kebede-bot-4wRYckUS-py3.12/lib/python3.12/site-packages/httpcore/_async/connection.py", line 76, in handle_async_request
    stream = await self._connect(request)
             ^^^^^^^^^^^^^^^^^^^^^^^^^^^^
  File "/home/jabez/.cache/pypoetry/virtualenvs/kebede-bot-4wRYckUS-py3.12/lib/python3.12/site-packages/httpcore/_async/connection.py", line 122, in _connect
    stream = await self._network_backend.connect_tcp(**kwargs)
             ^^^^^^^^^^^^^^^^^^^^^^^^^^^^^^^^^^^^^^^^^^^^^^^^^
  File "/home/jabez/.cache/pypoetry/virtualenvs/kebede-bot-4wRYckUS-py3.12/lib/python3.12/site-packages/httpcore/_backends/auto.py", line 30, in connect_tcp
    return await self._backend.connect_tcp(
           ^^^^^^^^^^^^^^^^^^^^^^^^^^^^^^^^
  File "/home/jabez/.cache/pypoetry/virtualenvs/kebede-bot-4wRYckUS-py3.12/lib/python3.12/site-packages/httpcore/_backends/anyio.py", line 115, in connect_tcp
    with map_exceptions(exc_map):
  File "/usr/lib/python3.12/contextlib.py", line 158, in __exit__
    self.gen.throw(value)
  File "/home/jabez/.cache/pypoetry/virtualenvs/kebede-bot-4wRYckUS-py3.12/lib/python3.12/site-packages/httpcore/_exceptions.py", line 14, in map_exceptions
    raise to_exc(exc) from exc
httpcore.ConnectError: [Errno -3] Temporary failure in name resolution

The above exception was the direct cause of the following exception:

Traceback (most recent call last):
  File "/home/jabez/.cache/pypoetry/virtualenvs/kebede-bot-4wRYckUS-py3.12/lib/python3.12/site-packages/telegram/request/_httpxrequest.py", line 292, in do_request
    res = await self._client.request(
          ^^^^^^^^^^^^^^^^^^^^^^^^^^^
  File "/home/jabez/.cache/pypoetry/virtualenvs/kebede-bot-4wRYckUS-py3.12/lib/python3.12/site-packages/httpx/_client.py", line 1585, in request
    return await self.send(request, auth=auth, follow_redirects=follow_redirects)
           ^^^^^^^^^^^^^^^^^^^^^^^^^^^^^^^^^^^^^^^^^^^^^^^^^^^^^^^^^^^^^^^^^^^^^^
  File "/home/jabez/.cache/pypoetry/virtualenvs/kebede-bot-4wRYckUS-py3.12/lib/python3.12/site-packages/httpx/_client.py", line 1674, in send
    response = await self._send_handling_auth(
               ^^^^^^^^^^^^^^^^^^^^^^^^^^^^^^^
  File "/home/jabez/.cache/pypoetry/virtualenvs/kebede-bot-4wRYckUS-py3.12/lib/python3.12/site-packages/httpx/_client.py", line 1702, in _send_handling_auth
    response = await self._send_handling_redirects(
               ^^^^^^^^^^^^^^^^^^^^^^^^^^^^^^^^^^^^
  File "/home/jabez/.cache/pypoetry/virtualenvs/kebede-bot-4wRYckUS-py3.12/lib/python3.12/site-packages/httpx/_client.py", line 1739, in _send_handling_redirects
    response = await self._send_single_request(request)
               ^^^^^^^^^^^^^^^^^^^^^^^^^^^^^^^^^^^^^^^^
  File "/home/jabez/.cache/pypoetry/virtualenvs/kebede-bot-4wRYckUS-py3.12/lib/python3.12/site-packages/httpx/_client.py", line 1776, in _send_single_request
    response = await transport.handle_async_request(request)
               ^^^^^^^^^^^^^^^^^^^^^^^^^^^^^^^^^^^^^^^^^^^^^
  File "/home/jabez/.cache/pypoetry/virtualenvs/kebede-bot-4wRYckUS-py3.12/lib/python3.12/site-packages/httpx/_transports/default.py", line 376, in handle_async_request
    with map_httpcore_exceptions():
  File "/usr/lib/python3.12/contextlib.py", line 158, in __exit__
    self.gen.throw(value)
  File "/home/jabez/.cache/pypoetry/virtualenvs/kebede-bot-4wRYckUS-py3.12/lib/python3.12/site-packages/httpx/_transports/default.py", line 89, in map_httpcore_exceptions
    raise mapped_exc(message) from exc
httpx.ConnectError: [Errno -3] Temporary failure in name resolution

The above exception was the direct cause of the following exception:

Traceback (most recent call last):
  File "/home/jabez/.cache/pypoetry/virtualenvs/kebede-bot-4wRYckUS-py3.12/lib/python3.12/site-packages/telegram/ext/_updater.py", line 753, in _network_loop_retry
    if not await do_action():
           ^^^^^^^^^^^^^^^^^
  File "/home/jabez/.cache/pypoetry/virtualenvs/kebede-bot-4wRYckUS-py3.12/lib/python3.12/site-packages/telegram/ext/_updater.py", line 747, in do_action
    return action_cb_task.result()
           ^^^^^^^^^^^^^^^^^^^^^^^
  File "/home/jabez/.cache/pypoetry/virtualenvs/kebede-bot-4wRYckUS-py3.12/lib/python3.12/site-packages/telegram/ext/_updater.py", line 377, in polling_action_cb
    updates = await self.bot.get_updates(
              ^^^^^^^^^^^^^^^^^^^^^^^^^^^
  File "/home/jabez/.cache/pypoetry/virtualenvs/kebede-bot-4wRYckUS-py3.12/lib/python3.12/site-packages/telegram/ext/_extbot.py", line 649, in get_updates
    updates = await super().get_updates(
              ^^^^^^^^^^^^^^^^^^^^^^^^^^
  File "/home/jabez/.cache/pypoetry/virtualenvs/kebede-bot-4wRYckUS-py3.12/lib/python3.12/site-packages/telegram/_bot.py", line 4366, in get_updates
    await self._post(
  File "/home/jabez/.cache/pypoetry/virtualenvs/kebede-bot-4wRYckUS-py3.12/lib/python3.12/site-packages/telegram/_bot.py", line 623, in _post
    return await self._do_post(
           ^^^^^^^^^^^^^^^^^^^^
  File "/home/jabez/.cache/pypoetry/virtualenvs/kebede-bot-4wRYckUS-py3.12/lib/python3.12/site-packages/telegram/ext/_extbot.py", line 355, in _do_post
    return await super()._do_post(
           ^^^^^^^^^^^^^^^^^^^^^^^
  File "/home/jabez/.cache/pypoetry/virtualenvs/kebede-bot-4wRYckUS-py3.12/lib/python3.12/site-packages/telegram/_bot.py", line 652, in _do_post
    result = await request.post(
             ^^^^^^^^^^^^^^^^^^^
  File "/home/jabez/.cache/pypoetry/virtualenvs/kebede-bot-4wRYckUS-py3.12/lib/python3.12/site-packages/telegram/request/_baserequest.py", line 201, in post
    result = await self._request_wrapper(
             ^^^^^^^^^^^^^^^^^^^^^^^^^^^^
  File "/home/jabez/.cache/pypoetry/virtualenvs/kebede-bot-4wRYckUS-py3.12/lib/python3.12/site-packages/telegram/request/_baserequest.py", line 333, in _request_wrapper
    code, payload = await self.do_request(
                    ^^^^^^^^^^^^^^^^^^^^^^
  File "/home/jabez/.cache/pypoetry/virtualenvs/kebede-bot-4wRYckUS-py3.12/lib/python3.12/site-packages/telegram/request/_httpxrequest.py", line 316, in do_request
    raise NetworkError(f"httpx.{err.__class__.__name__}: {err}") from err
telegram.error.NetworkError: httpx.ConnectError: [Errno -3] Temporary failure in name resolution
2024-11-07 22:11:50,485 - No error handlers are registered, logging exception.
Traceback (most recent call last):
  File "/home/jabez/.cache/pypoetry/virtualenvs/kebede-bot-4wRYckUS-py3.12/lib/python3.12/site-packages/httpx/_transports/default.py", line 72, in map_httpcore_exceptions
    yield
  File "/home/jabez/.cache/pypoetry/virtualenvs/kebede-bot-4wRYckUS-py3.12/lib/python3.12/site-packages/httpx/_transports/default.py", line 377, in handle_async_request
    resp = await self._pool.handle_async_request(req)
           ^^^^^^^^^^^^^^^^^^^^^^^^^^^^^^^^^^^^^^^^^^
  File "/home/jabez/.cache/pypoetry/virtualenvs/kebede-bot-4wRYckUS-py3.12/lib/python3.12/site-packages/httpcore/_async/connection_pool.py", line 216, in handle_async_request
    raise exc from None
  File "/home/jabez/.cache/pypoetry/virtualenvs/kebede-bot-4wRYckUS-py3.12/lib/python3.12/site-packages/httpcore/_async/connection_pool.py", line 196, in handle_async_request
    response = await connection.handle_async_request(
               ^^^^^^^^^^^^^^^^^^^^^^^^^^^^^^^^^^^^^^
  File "/home/jabez/.cache/pypoetry/virtualenvs/kebede-bot-4wRYckUS-py3.12/lib/python3.12/site-packages/httpcore/_async/connection.py", line 99, in handle_async_request
    raise exc
  File "/home/jabez/.cache/pypoetry/virtualenvs/kebede-bot-4wRYckUS-py3.12/lib/python3.12/site-packages/httpcore/_async/connection.py", line 76, in handle_async_request
    stream = await self._connect(request)
             ^^^^^^^^^^^^^^^^^^^^^^^^^^^^
  File "/home/jabez/.cache/pypoetry/virtualenvs/kebede-bot-4wRYckUS-py3.12/lib/python3.12/site-packages/httpcore/_async/connection.py", line 122, in _connect
    stream = await self._network_backend.connect_tcp(**kwargs)
             ^^^^^^^^^^^^^^^^^^^^^^^^^^^^^^^^^^^^^^^^^^^^^^^^^
  File "/home/jabez/.cache/pypoetry/virtualenvs/kebede-bot-4wRYckUS-py3.12/lib/python3.12/site-packages/httpcore/_backends/auto.py", line 30, in connect_tcp
    return await self._backend.connect_tcp(
           ^^^^^^^^^^^^^^^^^^^^^^^^^^^^^^^^
  File "/home/jabez/.cache/pypoetry/virtualenvs/kebede-bot-4wRYckUS-py3.12/lib/python3.12/site-packages/httpcore/_backends/anyio.py", line 115, in connect_tcp
    with map_exceptions(exc_map):
  File "/usr/lib/python3.12/contextlib.py", line 158, in __exit__
    self.gen.throw(value)
  File "/home/jabez/.cache/pypoetry/virtualenvs/kebede-bot-4wRYckUS-py3.12/lib/python3.12/site-packages/httpcore/_exceptions.py", line 14, in map_exceptions
    raise to_exc(exc) from exc
httpcore.ConnectError: [Errno -3] Temporary failure in name resolution

The above exception was the direct cause of the following exception:

Traceback (most recent call last):
  File "/home/jabez/.cache/pypoetry/virtualenvs/kebede-bot-4wRYckUS-py3.12/lib/python3.12/site-packages/telegram/request/_httpxrequest.py", line 292, in do_request
    res = await self._client.request(
          ^^^^^^^^^^^^^^^^^^^^^^^^^^^
  File "/home/jabez/.cache/pypoetry/virtualenvs/kebede-bot-4wRYckUS-py3.12/lib/python3.12/site-packages/httpx/_client.py", line 1585, in request
    return await self.send(request, auth=auth, follow_redirects=follow_redirects)
           ^^^^^^^^^^^^^^^^^^^^^^^^^^^^^^^^^^^^^^^^^^^^^^^^^^^^^^^^^^^^^^^^^^^^^^
  File "/home/jabez/.cache/pypoetry/virtualenvs/kebede-bot-4wRYckUS-py3.12/lib/python3.12/site-packages/httpx/_client.py", line 1674, in send
    response = await self._send_handling_auth(
               ^^^^^^^^^^^^^^^^^^^^^^^^^^^^^^^
  File "/home/jabez/.cache/pypoetry/virtualenvs/kebede-bot-4wRYckUS-py3.12/lib/python3.12/site-packages/httpx/_client.py", line 1702, in _send_handling_auth
    response = await self._send_handling_redirects(
               ^^^^^^^^^^^^^^^^^^^^^^^^^^^^^^^^^^^^
  File "/home/jabez/.cache/pypoetry/virtualenvs/kebede-bot-4wRYckUS-py3.12/lib/python3.12/site-packages/httpx/_client.py", line 1739, in _send_handling_redirects
    response = await self._send_single_request(request)
               ^^^^^^^^^^^^^^^^^^^^^^^^^^^^^^^^^^^^^^^^
  File "/home/jabez/.cache/pypoetry/virtualenvs/kebede-bot-4wRYckUS-py3.12/lib/python3.12/site-packages/httpx/_client.py", line 1776, in _send_single_request
    response = await transport.handle_async_request(request)
               ^^^^^^^^^^^^^^^^^^^^^^^^^^^^^^^^^^^^^^^^^^^^^
  File "/home/jabez/.cache/pypoetry/virtualenvs/kebede-bot-4wRYckUS-py3.12/lib/python3.12/site-packages/httpx/_transports/default.py", line 376, in handle_async_request
    with map_httpcore_exceptions():
  File "/usr/lib/python3.12/contextlib.py", line 158, in __exit__
    self.gen.throw(value)
  File "/home/jabez/.cache/pypoetry/virtualenvs/kebede-bot-4wRYckUS-py3.12/lib/python3.12/site-packages/httpx/_transports/default.py", line 89, in map_httpcore_exceptions
    raise mapped_exc(message) from exc
httpx.ConnectError: [Errno -3] Temporary failure in name resolution

The above exception was the direct cause of the following exception:

Traceback (most recent call last):
  File "/home/jabez/.cache/pypoetry/virtualenvs/kebede-bot-4wRYckUS-py3.12/lib/python3.12/site-packages/telegram/ext/_updater.py", line 753, in _network_loop_retry
    if not await do_action():
           ^^^^^^^^^^^^^^^^^
  File "/home/jabez/.cache/pypoetry/virtualenvs/kebede-bot-4wRYckUS-py3.12/lib/python3.12/site-packages/telegram/ext/_updater.py", line 747, in do_action
    return action_cb_task.result()
           ^^^^^^^^^^^^^^^^^^^^^^^
  File "/home/jabez/.cache/pypoetry/virtualenvs/kebede-bot-4wRYckUS-py3.12/lib/python3.12/site-packages/telegram/ext/_updater.py", line 377, in polling_action_cb
    updates = await self.bot.get_updates(
              ^^^^^^^^^^^^^^^^^^^^^^^^^^^
  File "/home/jabez/.cache/pypoetry/virtualenvs/kebede-bot-4wRYckUS-py3.12/lib/python3.12/site-packages/telegram/ext/_extbot.py", line 649, in get_updates
    updates = await super().get_updates(
              ^^^^^^^^^^^^^^^^^^^^^^^^^^
  File "/home/jabez/.cache/pypoetry/virtualenvs/kebede-bot-4wRYckUS-py3.12/lib/python3.12/site-packages/telegram/_bot.py", line 4366, in get_updates
    await self._post(
  File "/home/jabez/.cache/pypoetry/virtualenvs/kebede-bot-4wRYckUS-py3.12/lib/python3.12/site-packages/telegram/_bot.py", line 623, in _post
    return await self._do_post(
           ^^^^^^^^^^^^^^^^^^^^
  File "/home/jabez/.cache/pypoetry/virtualenvs/kebede-bot-4wRYckUS-py3.12/lib/python3.12/site-packages/telegram/ext/_extbot.py", line 355, in _do_post
    return await super()._do_post(
           ^^^^^^^^^^^^^^^^^^^^^^^
  File "/home/jabez/.cache/pypoetry/virtualenvs/kebede-bot-4wRYckUS-py3.12/lib/python3.12/site-packages/telegram/_bot.py", line 652, in _do_post
    result = await request.post(
             ^^^^^^^^^^^^^^^^^^^
  File "/home/jabez/.cache/pypoetry/virtualenvs/kebede-bot-4wRYckUS-py3.12/lib/python3.12/site-packages/telegram/request/_baserequest.py", line 201, in post
    result = await self._request_wrapper(
             ^^^^^^^^^^^^^^^^^^^^^^^^^^^^
  File "/home/jabez/.cache/pypoetry/virtualenvs/kebede-bot-4wRYckUS-py3.12/lib/python3.12/site-packages/telegram/request/_baserequest.py", line 333, in _request_wrapper
    code, payload = await self.do_request(
                    ^^^^^^^^^^^^^^^^^^^^^^
  File "/home/jabez/.cache/pypoetry/virtualenvs/kebede-bot-4wRYckUS-py3.12/lib/python3.12/site-packages/telegram/request/_httpxrequest.py", line 316, in do_request
    raise NetworkError(f"httpx.{err.__class__.__name__}: {err}") from err
telegram.error.NetworkError: httpx.ConnectError: [Errno -3] Temporary failure in name resolution
2024-11-07 22:12:35,964 - No error handlers are registered, logging exception.
Traceback (most recent call last):
  File "/home/jabez/.cache/pypoetry/virtualenvs/kebede-bot-4wRYckUS-py3.12/lib/python3.12/site-packages/httpx/_transports/default.py", line 72, in map_httpcore_exceptions
    yield
  File "/home/jabez/.cache/pypoetry/virtualenvs/kebede-bot-4wRYckUS-py3.12/lib/python3.12/site-packages/httpx/_transports/default.py", line 377, in handle_async_request
    resp = await self._pool.handle_async_request(req)
           ^^^^^^^^^^^^^^^^^^^^^^^^^^^^^^^^^^^^^^^^^^
  File "/home/jabez/.cache/pypoetry/virtualenvs/kebede-bot-4wRYckUS-py3.12/lib/python3.12/site-packages/httpcore/_async/connection_pool.py", line 216, in handle_async_request
    raise exc from None
  File "/home/jabez/.cache/pypoetry/virtualenvs/kebede-bot-4wRYckUS-py3.12/lib/python3.12/site-packages/httpcore/_async/connection_pool.py", line 196, in handle_async_request
    response = await connection.handle_async_request(
               ^^^^^^^^^^^^^^^^^^^^^^^^^^^^^^^^^^^^^^
  File "/home/jabez/.cache/pypoetry/virtualenvs/kebede-bot-4wRYckUS-py3.12/lib/python3.12/site-packages/httpcore/_async/connection.py", line 99, in handle_async_request
    raise exc
  File "/home/jabez/.cache/pypoetry/virtualenvs/kebede-bot-4wRYckUS-py3.12/lib/python3.12/site-packages/httpcore/_async/connection.py", line 76, in handle_async_request
    stream = await self._connect(request)
             ^^^^^^^^^^^^^^^^^^^^^^^^^^^^
  File "/home/jabez/.cache/pypoetry/virtualenvs/kebede-bot-4wRYckUS-py3.12/lib/python3.12/site-packages/httpcore/_async/connection.py", line 122, in _connect
    stream = await self._network_backend.connect_tcp(**kwargs)
             ^^^^^^^^^^^^^^^^^^^^^^^^^^^^^^^^^^^^^^^^^^^^^^^^^
  File "/home/jabez/.cache/pypoetry/virtualenvs/kebede-bot-4wRYckUS-py3.12/lib/python3.12/site-packages/httpcore/_backends/auto.py", line 30, in connect_tcp
    return await self._backend.connect_tcp(
           ^^^^^^^^^^^^^^^^^^^^^^^^^^^^^^^^
  File "/home/jabez/.cache/pypoetry/virtualenvs/kebede-bot-4wRYckUS-py3.12/lib/python3.12/site-packages/httpcore/_backends/anyio.py", line 115, in connect_tcp
    with map_exceptions(exc_map):
  File "/usr/lib/python3.12/contextlib.py", line 158, in __exit__
    self.gen.throw(value)
  File "/home/jabez/.cache/pypoetry/virtualenvs/kebede-bot-4wRYckUS-py3.12/lib/python3.12/site-packages/httpcore/_exceptions.py", line 14, in map_exceptions
    raise to_exc(exc) from exc
httpcore.ConnectError: [Errno -3] Temporary failure in name resolution

The above exception was the direct cause of the following exception:

Traceback (most recent call last):
  File "/home/jabez/.cache/pypoetry/virtualenvs/kebede-bot-4wRYckUS-py3.12/lib/python3.12/site-packages/telegram/request/_httpxrequest.py", line 292, in do_request
    res = await self._client.request(
          ^^^^^^^^^^^^^^^^^^^^^^^^^^^
  File "/home/jabez/.cache/pypoetry/virtualenvs/kebede-bot-4wRYckUS-py3.12/lib/python3.12/site-packages/httpx/_client.py", line 1585, in request
    return await self.send(request, auth=auth, follow_redirects=follow_redirects)
           ^^^^^^^^^^^^^^^^^^^^^^^^^^^^^^^^^^^^^^^^^^^^^^^^^^^^^^^^^^^^^^^^^^^^^^
  File "/home/jabez/.cache/pypoetry/virtualenvs/kebede-bot-4wRYckUS-py3.12/lib/python3.12/site-packages/httpx/_client.py", line 1674, in send
    response = await self._send_handling_auth(
               ^^^^^^^^^^^^^^^^^^^^^^^^^^^^^^^
  File "/home/jabez/.cache/pypoetry/virtualenvs/kebede-bot-4wRYckUS-py3.12/lib/python3.12/site-packages/httpx/_client.py", line 1702, in _send_handling_auth
    response = await self._send_handling_redirects(
               ^^^^^^^^^^^^^^^^^^^^^^^^^^^^^^^^^^^^
  File "/home/jabez/.cache/pypoetry/virtualenvs/kebede-bot-4wRYckUS-py3.12/lib/python3.12/site-packages/httpx/_client.py", line 1739, in _send_handling_redirects
    response = await self._send_single_request(request)
               ^^^^^^^^^^^^^^^^^^^^^^^^^^^^^^^^^^^^^^^^
  File "/home/jabez/.cache/pypoetry/virtualenvs/kebede-bot-4wRYckUS-py3.12/lib/python3.12/site-packages/httpx/_client.py", line 1776, in _send_single_request
    response = await transport.handle_async_request(request)
               ^^^^^^^^^^^^^^^^^^^^^^^^^^^^^^^^^^^^^^^^^^^^^
  File "/home/jabez/.cache/pypoetry/virtualenvs/kebede-bot-4wRYckUS-py3.12/lib/python3.12/site-packages/httpx/_transports/default.py", line 376, in handle_async_request
    with map_httpcore_exceptions():
  File "/usr/lib/python3.12/contextlib.py", line 158, in __exit__
    self.gen.throw(value)
  File "/home/jabez/.cache/pypoetry/virtualenvs/kebede-bot-4wRYckUS-py3.12/lib/python3.12/site-packages/httpx/_transports/default.py", line 89, in map_httpcore_exceptions
    raise mapped_exc(message) from exc
httpx.ConnectError: [Errno -3] Temporary failure in name resolution

The above exception was the direct cause of the following exception:

Traceback (most recent call last):
  File "/home/jabez/.cache/pypoetry/virtualenvs/kebede-bot-4wRYckUS-py3.12/lib/python3.12/site-packages/telegram/ext/_updater.py", line 753, in _network_loop_retry
    if not await do_action():
           ^^^^^^^^^^^^^^^^^
  File "/home/jabez/.cache/pypoetry/virtualenvs/kebede-bot-4wRYckUS-py3.12/lib/python3.12/site-packages/telegram/ext/_updater.py", line 747, in do_action
    return action_cb_task.result()
           ^^^^^^^^^^^^^^^^^^^^^^^
  File "/home/jabez/.cache/pypoetry/virtualenvs/kebede-bot-4wRYckUS-py3.12/lib/python3.12/site-packages/telegram/ext/_updater.py", line 377, in polling_action_cb
    updates = await self.bot.get_updates(
              ^^^^^^^^^^^^^^^^^^^^^^^^^^^
  File "/home/jabez/.cache/pypoetry/virtualenvs/kebede-bot-4wRYckUS-py3.12/lib/python3.12/site-packages/telegram/ext/_extbot.py", line 649, in get_updates
    updates = await super().get_updates(
              ^^^^^^^^^^^^^^^^^^^^^^^^^^
  File "/home/jabez/.cache/pypoetry/virtualenvs/kebede-bot-4wRYckUS-py3.12/lib/python3.12/site-packages/telegram/_bot.py", line 4366, in get_updates
    await self._post(
  File "/home/jabez/.cache/pypoetry/virtualenvs/kebede-bot-4wRYckUS-py3.12/lib/python3.12/site-packages/telegram/_bot.py", line 623, in _post
    return await self._do_post(
           ^^^^^^^^^^^^^^^^^^^^
  File "/home/jabez/.cache/pypoetry/virtualenvs/kebede-bot-4wRYckUS-py3.12/lib/python3.12/site-packages/telegram/ext/_extbot.py", line 355, in _do_post
    return await super()._do_post(
           ^^^^^^^^^^^^^^^^^^^^^^^
  File "/home/jabez/.cache/pypoetry/virtualenvs/kebede-bot-4wRYckUS-py3.12/lib/python3.12/site-packages/telegram/_bot.py", line 652, in _do_post
    result = await request.post(
             ^^^^^^^^^^^^^^^^^^^
  File "/home/jabez/.cache/pypoetry/virtualenvs/kebede-bot-4wRYckUS-py3.12/lib/python3.12/site-packages/telegram/request/_baserequest.py", line 201, in post
    result = await self._request_wrapper(
             ^^^^^^^^^^^^^^^^^^^^^^^^^^^^
  File "/home/jabez/.cache/pypoetry/virtualenvs/kebede-bot-4wRYckUS-py3.12/lib/python3.12/site-packages/telegram/request/_baserequest.py", line 333, in _request_wrapper
    code, payload = await self.do_request(
                    ^^^^^^^^^^^^^^^^^^^^^^
  File "/home/jabez/.cache/pypoetry/virtualenvs/kebede-bot-4wRYckUS-py3.12/lib/python3.12/site-packages/telegram/request/_httpxrequest.py", line 316, in do_request
    raise NetworkError(f"httpx.{err.__class__.__name__}: {err}") from err
telegram.error.NetworkError: httpx.ConnectError: [Errno -3] Temporary failure in name resolution
2024-11-07 22:12:36,969 - No error handlers are registered, logging exception.
Traceback (most recent call last):
  File "/home/jabez/.cache/pypoetry/virtualenvs/kebede-bot-4wRYckUS-py3.12/lib/python3.12/site-packages/httpx/_transports/default.py", line 72, in map_httpcore_exceptions
    yield
  File "/home/jabez/.cache/pypoetry/virtualenvs/kebede-bot-4wRYckUS-py3.12/lib/python3.12/site-packages/httpx/_transports/default.py", line 377, in handle_async_request
    resp = await self._pool.handle_async_request(req)
           ^^^^^^^^^^^^^^^^^^^^^^^^^^^^^^^^^^^^^^^^^^
  File "/home/jabez/.cache/pypoetry/virtualenvs/kebede-bot-4wRYckUS-py3.12/lib/python3.12/site-packages/httpcore/_async/connection_pool.py", line 216, in handle_async_request
    raise exc from None
  File "/home/jabez/.cache/pypoetry/virtualenvs/kebede-bot-4wRYckUS-py3.12/lib/python3.12/site-packages/httpcore/_async/connection_pool.py", line 196, in handle_async_request
    response = await connection.handle_async_request(
               ^^^^^^^^^^^^^^^^^^^^^^^^^^^^^^^^^^^^^^
  File "/home/jabez/.cache/pypoetry/virtualenvs/kebede-bot-4wRYckUS-py3.12/lib/python3.12/site-packages/httpcore/_async/connection.py", line 99, in handle_async_request
    raise exc
  File "/home/jabez/.cache/pypoetry/virtualenvs/kebede-bot-4wRYckUS-py3.12/lib/python3.12/site-packages/httpcore/_async/connection.py", line 76, in handle_async_request
    stream = await self._connect(request)
             ^^^^^^^^^^^^^^^^^^^^^^^^^^^^
  File "/home/jabez/.cache/pypoetry/virtualenvs/kebede-bot-4wRYckUS-py3.12/lib/python3.12/site-packages/httpcore/_async/connection.py", line 122, in _connect
    stream = await self._network_backend.connect_tcp(**kwargs)
             ^^^^^^^^^^^^^^^^^^^^^^^^^^^^^^^^^^^^^^^^^^^^^^^^^
  File "/home/jabez/.cache/pypoetry/virtualenvs/kebede-bot-4wRYckUS-py3.12/lib/python3.12/site-packages/httpcore/_backends/auto.py", line 30, in connect_tcp
    return await self._backend.connect_tcp(
           ^^^^^^^^^^^^^^^^^^^^^^^^^^^^^^^^
  File "/home/jabez/.cache/pypoetry/virtualenvs/kebede-bot-4wRYckUS-py3.12/lib/python3.12/site-packages/httpcore/_backends/anyio.py", line 115, in connect_tcp
    with map_exceptions(exc_map):
  File "/usr/lib/python3.12/contextlib.py", line 158, in __exit__
    self.gen.throw(value)
  File "/home/jabez/.cache/pypoetry/virtualenvs/kebede-bot-4wRYckUS-py3.12/lib/python3.12/site-packages/httpcore/_exceptions.py", line 14, in map_exceptions
    raise to_exc(exc) from exc
httpcore.ConnectError: [Errno -3] Temporary failure in name resolution

The above exception was the direct cause of the following exception:

Traceback (most recent call last):
  File "/home/jabez/.cache/pypoetry/virtualenvs/kebede-bot-4wRYckUS-py3.12/lib/python3.12/site-packages/telegram/request/_httpxrequest.py", line 292, in do_request
    res = await self._client.request(
          ^^^^^^^^^^^^^^^^^^^^^^^^^^^
  File "/home/jabez/.cache/pypoetry/virtualenvs/kebede-bot-4wRYckUS-py3.12/lib/python3.12/site-packages/httpx/_client.py", line 1585, in request
    return await self.send(request, auth=auth, follow_redirects=follow_redirects)
           ^^^^^^^^^^^^^^^^^^^^^^^^^^^^^^^^^^^^^^^^^^^^^^^^^^^^^^^^^^^^^^^^^^^^^^
  File "/home/jabez/.cache/pypoetry/virtualenvs/kebede-bot-4wRYckUS-py3.12/lib/python3.12/site-packages/httpx/_client.py", line 1674, in send
    response = await self._send_handling_auth(
               ^^^^^^^^^^^^^^^^^^^^^^^^^^^^^^^
  File "/home/jabez/.cache/pypoetry/virtualenvs/kebede-bot-4wRYckUS-py3.12/lib/python3.12/site-packages/httpx/_client.py", line 1702, in _send_handling_auth
    response = await self._send_handling_redirects(
               ^^^^^^^^^^^^^^^^^^^^^^^^^^^^^^^^^^^^
  File "/home/jabez/.cache/pypoetry/virtualenvs/kebede-bot-4wRYckUS-py3.12/lib/python3.12/site-packages/httpx/_client.py", line 1739, in _send_handling_redirects
    response = await self._send_single_request(request)
               ^^^^^^^^^^^^^^^^^^^^^^^^^^^^^^^^^^^^^^^^
  File "/home/jabez/.cache/pypoetry/virtualenvs/kebede-bot-4wRYckUS-py3.12/lib/python3.12/site-packages/httpx/_client.py", line 1776, in _send_single_request
    response = await transport.handle_async_request(request)
               ^^^^^^^^^^^^^^^^^^^^^^^^^^^^^^^^^^^^^^^^^^^^^
  File "/home/jabez/.cache/pypoetry/virtualenvs/kebede-bot-4wRYckUS-py3.12/lib/python3.12/site-packages/httpx/_transports/default.py", line 376, in handle_async_request
    with map_httpcore_exceptions():
  File "/usr/lib/python3.12/contextlib.py", line 158, in __exit__
    self.gen.throw(value)
  File "/home/jabez/.cache/pypoetry/virtualenvs/kebede-bot-4wRYckUS-py3.12/lib/python3.12/site-packages/httpx/_transports/default.py", line 89, in map_httpcore_exceptions
    raise mapped_exc(message) from exc
httpx.ConnectError: [Errno -3] Temporary failure in name resolution

The above exception was the direct cause of the following exception:

Traceback (most recent call last):
  File "/home/jabez/.cache/pypoetry/virtualenvs/kebede-bot-4wRYckUS-py3.12/lib/python3.12/site-packages/telegram/ext/_updater.py", line 753, in _network_loop_retry
    if not await do_action():
           ^^^^^^^^^^^^^^^^^
  File "/home/jabez/.cache/pypoetry/virtualenvs/kebede-bot-4wRYckUS-py3.12/lib/python3.12/site-packages/telegram/ext/_updater.py", line 747, in do_action
    return action_cb_task.result()
           ^^^^^^^^^^^^^^^^^^^^^^^
  File "/home/jabez/.cache/pypoetry/virtualenvs/kebede-bot-4wRYckUS-py3.12/lib/python3.12/site-packages/telegram/ext/_updater.py", line 377, in polling_action_cb
    updates = await self.bot.get_updates(
              ^^^^^^^^^^^^^^^^^^^^^^^^^^^
  File "/home/jabez/.cache/pypoetry/virtualenvs/kebede-bot-4wRYckUS-py3.12/lib/python3.12/site-packages/telegram/ext/_extbot.py", line 649, in get_updates
    updates = await super().get_updates(
              ^^^^^^^^^^^^^^^^^^^^^^^^^^
  File "/home/jabez/.cache/pypoetry/virtualenvs/kebede-bot-4wRYckUS-py3.12/lib/python3.12/site-packages/telegram/_bot.py", line 4366, in get_updates
    await self._post(
  File "/home/jabez/.cache/pypoetry/virtualenvs/kebede-bot-4wRYckUS-py3.12/lib/python3.12/site-packages/telegram/_bot.py", line 623, in _post
    return await self._do_post(
           ^^^^^^^^^^^^^^^^^^^^
  File "/home/jabez/.cache/pypoetry/virtualenvs/kebede-bot-4wRYckUS-py3.12/lib/python3.12/site-packages/telegram/ext/_extbot.py", line 355, in _do_post
    return await super()._do_post(
           ^^^^^^^^^^^^^^^^^^^^^^^
  File "/home/jabez/.cache/pypoetry/virtualenvs/kebede-bot-4wRYckUS-py3.12/lib/python3.12/site-packages/telegram/_bot.py", line 652, in _do_post
    result = await request.post(
             ^^^^^^^^^^^^^^^^^^^
  File "/home/jabez/.cache/pypoetry/virtualenvs/kebede-bot-4wRYckUS-py3.12/lib/python3.12/site-packages/telegram/request/_baserequest.py", line 201, in post
    result = await self._request_wrapper(
             ^^^^^^^^^^^^^^^^^^^^^^^^^^^^
  File "/home/jabez/.cache/pypoetry/virtualenvs/kebede-bot-4wRYckUS-py3.12/lib/python3.12/site-packages/telegram/request/_baserequest.py", line 333, in _request_wrapper
    code, payload = await self.do_request(
                    ^^^^^^^^^^^^^^^^^^^^^^
  File "/home/jabez/.cache/pypoetry/virtualenvs/kebede-bot-4wRYckUS-py3.12/lib/python3.12/site-packages/telegram/request/_httpxrequest.py", line 316, in do_request
    raise NetworkError(f"httpx.{err.__class__.__name__}: {err}") from err
telegram.error.NetworkError: httpx.ConnectError: [Errno -3] Temporary failure in name resolution
2024-11-07 22:12:38,474 - No error handlers are registered, logging exception.
Traceback (most recent call last):
  File "/home/jabez/.cache/pypoetry/virtualenvs/kebede-bot-4wRYckUS-py3.12/lib/python3.12/site-packages/httpx/_transports/default.py", line 72, in map_httpcore_exceptions
    yield
  File "/home/jabez/.cache/pypoetry/virtualenvs/kebede-bot-4wRYckUS-py3.12/lib/python3.12/site-packages/httpx/_transports/default.py", line 377, in handle_async_request
    resp = await self._pool.handle_async_request(req)
           ^^^^^^^^^^^^^^^^^^^^^^^^^^^^^^^^^^^^^^^^^^
  File "/home/jabez/.cache/pypoetry/virtualenvs/kebede-bot-4wRYckUS-py3.12/lib/python3.12/site-packages/httpcore/_async/connection_pool.py", line 216, in handle_async_request
    raise exc from None
  File "/home/jabez/.cache/pypoetry/virtualenvs/kebede-bot-4wRYckUS-py3.12/lib/python3.12/site-packages/httpcore/_async/connection_pool.py", line 196, in handle_async_request
    response = await connection.handle_async_request(
               ^^^^^^^^^^^^^^^^^^^^^^^^^^^^^^^^^^^^^^
  File "/home/jabez/.cache/pypoetry/virtualenvs/kebede-bot-4wRYckUS-py3.12/lib/python3.12/site-packages/httpcore/_async/connection.py", line 99, in handle_async_request
    raise exc
  File "/home/jabez/.cache/pypoetry/virtualenvs/kebede-bot-4wRYckUS-py3.12/lib/python3.12/site-packages/httpcore/_async/connection.py", line 76, in handle_async_request
    stream = await self._connect(request)
             ^^^^^^^^^^^^^^^^^^^^^^^^^^^^
  File "/home/jabez/.cache/pypoetry/virtualenvs/kebede-bot-4wRYckUS-py3.12/lib/python3.12/site-packages/httpcore/_async/connection.py", line 122, in _connect
    stream = await self._network_backend.connect_tcp(**kwargs)
             ^^^^^^^^^^^^^^^^^^^^^^^^^^^^^^^^^^^^^^^^^^^^^^^^^
  File "/home/jabez/.cache/pypoetry/virtualenvs/kebede-bot-4wRYckUS-py3.12/lib/python3.12/site-packages/httpcore/_backends/auto.py", line 30, in connect_tcp
    return await self._backend.connect_tcp(
           ^^^^^^^^^^^^^^^^^^^^^^^^^^^^^^^^
  File "/home/jabez/.cache/pypoetry/virtualenvs/kebede-bot-4wRYckUS-py3.12/lib/python3.12/site-packages/httpcore/_backends/anyio.py", line 115, in connect_tcp
    with map_exceptions(exc_map):
  File "/usr/lib/python3.12/contextlib.py", line 158, in __exit__
    self.gen.throw(value)
  File "/home/jabez/.cache/pypoetry/virtualenvs/kebede-bot-4wRYckUS-py3.12/lib/python3.12/site-packages/httpcore/_exceptions.py", line 14, in map_exceptions
    raise to_exc(exc) from exc
httpcore.ConnectError: [Errno -3] Temporary failure in name resolution

The above exception was the direct cause of the following exception:

Traceback (most recent call last):
  File "/home/jabez/.cache/pypoetry/virtualenvs/kebede-bot-4wRYckUS-py3.12/lib/python3.12/site-packages/telegram/request/_httpxrequest.py", line 292, in do_request
    res = await self._client.request(
          ^^^^^^^^^^^^^^^^^^^^^^^^^^^
  File "/home/jabez/.cache/pypoetry/virtualenvs/kebede-bot-4wRYckUS-py3.12/lib/python3.12/site-packages/httpx/_client.py", line 1585, in request
    return await self.send(request, auth=auth, follow_redirects=follow_redirects)
           ^^^^^^^^^^^^^^^^^^^^^^^^^^^^^^^^^^^^^^^^^^^^^^^^^^^^^^^^^^^^^^^^^^^^^^
  File "/home/jabez/.cache/pypoetry/virtualenvs/kebede-bot-4wRYckUS-py3.12/lib/python3.12/site-packages/httpx/_client.py", line 1674, in send
    response = await self._send_handling_auth(
               ^^^^^^^^^^^^^^^^^^^^^^^^^^^^^^^
  File "/home/jabez/.cache/pypoetry/virtualenvs/kebede-bot-4wRYckUS-py3.12/lib/python3.12/site-packages/httpx/_client.py", line 1702, in _send_handling_auth
    response = await self._send_handling_redirects(
               ^^^^^^^^^^^^^^^^^^^^^^^^^^^^^^^^^^^^
  File "/home/jabez/.cache/pypoetry/virtualenvs/kebede-bot-4wRYckUS-py3.12/lib/python3.12/site-packages/httpx/_client.py", line 1739, in _send_handling_redirects
    response = await self._send_single_request(request)
               ^^^^^^^^^^^^^^^^^^^^^^^^^^^^^^^^^^^^^^^^
  File "/home/jabez/.cache/pypoetry/virtualenvs/kebede-bot-4wRYckUS-py3.12/lib/python3.12/site-packages/httpx/_client.py", line 1776, in _send_single_request
    response = await transport.handle_async_request(request)
               ^^^^^^^^^^^^^^^^^^^^^^^^^^^^^^^^^^^^^^^^^^^^^
  File "/home/jabez/.cache/pypoetry/virtualenvs/kebede-bot-4wRYckUS-py3.12/lib/python3.12/site-packages/httpx/_transports/default.py", line 376, in handle_async_request
    with map_httpcore_exceptions():
  File "/usr/lib/python3.12/contextlib.py", line 158, in __exit__
    self.gen.throw(value)
  File "/home/jabez/.cache/pypoetry/virtualenvs/kebede-bot-4wRYckUS-py3.12/lib/python3.12/site-packages/httpx/_transports/default.py", line 89, in map_httpcore_exceptions
    raise mapped_exc(message) from exc
httpx.ConnectError: [Errno -3] Temporary failure in name resolution

The above exception was the direct cause of the following exception:

Traceback (most recent call last):
  File "/home/jabez/.cache/pypoetry/virtualenvs/kebede-bot-4wRYckUS-py3.12/lib/python3.12/site-packages/telegram/ext/_updater.py", line 753, in _network_loop_retry
    if not await do_action():
           ^^^^^^^^^^^^^^^^^
  File "/home/jabez/.cache/pypoetry/virtualenvs/kebede-bot-4wRYckUS-py3.12/lib/python3.12/site-packages/telegram/ext/_updater.py", line 747, in do_action
    return action_cb_task.result()
           ^^^^^^^^^^^^^^^^^^^^^^^
  File "/home/jabez/.cache/pypoetry/virtualenvs/kebede-bot-4wRYckUS-py3.12/lib/python3.12/site-packages/telegram/ext/_updater.py", line 377, in polling_action_cb
    updates = await self.bot.get_updates(
              ^^^^^^^^^^^^^^^^^^^^^^^^^^^
  File "/home/jabez/.cache/pypoetry/virtualenvs/kebede-bot-4wRYckUS-py3.12/lib/python3.12/site-packages/telegram/ext/_extbot.py", line 649, in get_updates
    updates = await super().get_updates(
              ^^^^^^^^^^^^^^^^^^^^^^^^^^
  File "/home/jabez/.cache/pypoetry/virtualenvs/kebede-bot-4wRYckUS-py3.12/lib/python3.12/site-packages/telegram/_bot.py", line 4366, in get_updates
    await self._post(
  File "/home/jabez/.cache/pypoetry/virtualenvs/kebede-bot-4wRYckUS-py3.12/lib/python3.12/site-packages/telegram/_bot.py", line 623, in _post
    return await self._do_post(
           ^^^^^^^^^^^^^^^^^^^^
  File "/home/jabez/.cache/pypoetry/virtualenvs/kebede-bot-4wRYckUS-py3.12/lib/python3.12/site-packages/telegram/ext/_extbot.py", line 355, in _do_post
    return await super()._do_post(
           ^^^^^^^^^^^^^^^^^^^^^^^
  File "/home/jabez/.cache/pypoetry/virtualenvs/kebede-bot-4wRYckUS-py3.12/lib/python3.12/site-packages/telegram/_bot.py", line 652, in _do_post
    result = await request.post(
             ^^^^^^^^^^^^^^^^^^^
  File "/home/jabez/.cache/pypoetry/virtualenvs/kebede-bot-4wRYckUS-py3.12/lib/python3.12/site-packages/telegram/request/_baserequest.py", line 201, in post
    result = await self._request_wrapper(
             ^^^^^^^^^^^^^^^^^^^^^^^^^^^^
  File "/home/jabez/.cache/pypoetry/virtualenvs/kebede-bot-4wRYckUS-py3.12/lib/python3.12/site-packages/telegram/request/_baserequest.py", line 333, in _request_wrapper
    code, payload = await self.do_request(
                    ^^^^^^^^^^^^^^^^^^^^^^
  File "/home/jabez/.cache/pypoetry/virtualenvs/kebede-bot-4wRYckUS-py3.12/lib/python3.12/site-packages/telegram/request/_httpxrequest.py", line 316, in do_request
    raise NetworkError(f"httpx.{err.__class__.__name__}: {err}") from err
telegram.error.NetworkError: httpx.ConnectError: [Errno -3] Temporary failure in name resolution
2024-11-07 22:12:40,731 - No error handlers are registered, logging exception.
Traceback (most recent call last):
  File "/home/jabez/.cache/pypoetry/virtualenvs/kebede-bot-4wRYckUS-py3.12/lib/python3.12/site-packages/httpx/_transports/default.py", line 72, in map_httpcore_exceptions
    yield
  File "/home/jabez/.cache/pypoetry/virtualenvs/kebede-bot-4wRYckUS-py3.12/lib/python3.12/site-packages/httpx/_transports/default.py", line 377, in handle_async_request
    resp = await self._pool.handle_async_request(req)
           ^^^^^^^^^^^^^^^^^^^^^^^^^^^^^^^^^^^^^^^^^^
  File "/home/jabez/.cache/pypoetry/virtualenvs/kebede-bot-4wRYckUS-py3.12/lib/python3.12/site-packages/httpcore/_async/connection_pool.py", line 216, in handle_async_request
    raise exc from None
  File "/home/jabez/.cache/pypoetry/virtualenvs/kebede-bot-4wRYckUS-py3.12/lib/python3.12/site-packages/httpcore/_async/connection_pool.py", line 196, in handle_async_request
    response = await connection.handle_async_request(
               ^^^^^^^^^^^^^^^^^^^^^^^^^^^^^^^^^^^^^^
  File "/home/jabez/.cache/pypoetry/virtualenvs/kebede-bot-4wRYckUS-py3.12/lib/python3.12/site-packages/httpcore/_async/connection.py", line 99, in handle_async_request
    raise exc
  File "/home/jabez/.cache/pypoetry/virtualenvs/kebede-bot-4wRYckUS-py3.12/lib/python3.12/site-packages/httpcore/_async/connection.py", line 76, in handle_async_request
    stream = await self._connect(request)
             ^^^^^^^^^^^^^^^^^^^^^^^^^^^^
  File "/home/jabez/.cache/pypoetry/virtualenvs/kebede-bot-4wRYckUS-py3.12/lib/python3.12/site-packages/httpcore/_async/connection.py", line 122, in _connect
    stream = await self._network_backend.connect_tcp(**kwargs)
             ^^^^^^^^^^^^^^^^^^^^^^^^^^^^^^^^^^^^^^^^^^^^^^^^^
  File "/home/jabez/.cache/pypoetry/virtualenvs/kebede-bot-4wRYckUS-py3.12/lib/python3.12/site-packages/httpcore/_backends/auto.py", line 30, in connect_tcp
    return await self._backend.connect_tcp(
           ^^^^^^^^^^^^^^^^^^^^^^^^^^^^^^^^
  File "/home/jabez/.cache/pypoetry/virtualenvs/kebede-bot-4wRYckUS-py3.12/lib/python3.12/site-packages/httpcore/_backends/anyio.py", line 115, in connect_tcp
    with map_exceptions(exc_map):
  File "/usr/lib/python3.12/contextlib.py", line 158, in __exit__
    self.gen.throw(value)
  File "/home/jabez/.cache/pypoetry/virtualenvs/kebede-bot-4wRYckUS-py3.12/lib/python3.12/site-packages/httpcore/_exceptions.py", line 14, in map_exceptions
    raise to_exc(exc) from exc
httpcore.ConnectError: [Errno -3] Temporary failure in name resolution

The above exception was the direct cause of the following exception:

Traceback (most recent call last):
  File "/home/jabez/.cache/pypoetry/virtualenvs/kebede-bot-4wRYckUS-py3.12/lib/python3.12/site-packages/telegram/request/_httpxrequest.py", line 292, in do_request
    res = await self._client.request(
          ^^^^^^^^^^^^^^^^^^^^^^^^^^^
  File "/home/jabez/.cache/pypoetry/virtualenvs/kebede-bot-4wRYckUS-py3.12/lib/python3.12/site-packages/httpx/_client.py", line 1585, in request
    return await self.send(request, auth=auth, follow_redirects=follow_redirects)
           ^^^^^^^^^^^^^^^^^^^^^^^^^^^^^^^^^^^^^^^^^^^^^^^^^^^^^^^^^^^^^^^^^^^^^^
  File "/home/jabez/.cache/pypoetry/virtualenvs/kebede-bot-4wRYckUS-py3.12/lib/python3.12/site-packages/httpx/_client.py", line 1674, in send
    response = await self._send_handling_auth(
               ^^^^^^^^^^^^^^^^^^^^^^^^^^^^^^^
  File "/home/jabez/.cache/pypoetry/virtualenvs/kebede-bot-4wRYckUS-py3.12/lib/python3.12/site-packages/httpx/_client.py", line 1702, in _send_handling_auth
    response = await self._send_handling_redirects(
               ^^^^^^^^^^^^^^^^^^^^^^^^^^^^^^^^^^^^
  File "/home/jabez/.cache/pypoetry/virtualenvs/kebede-bot-4wRYckUS-py3.12/lib/python3.12/site-packages/httpx/_client.py", line 1739, in _send_handling_redirects
    response = await self._send_single_request(request)
               ^^^^^^^^^^^^^^^^^^^^^^^^^^^^^^^^^^^^^^^^
  File "/home/jabez/.cache/pypoetry/virtualenvs/kebede-bot-4wRYckUS-py3.12/lib/python3.12/site-packages/httpx/_client.py", line 1776, in _send_single_request
    response = await transport.handle_async_request(request)
               ^^^^^^^^^^^^^^^^^^^^^^^^^^^^^^^^^^^^^^^^^^^^^
  File "/home/jabez/.cache/pypoetry/virtualenvs/kebede-bot-4wRYckUS-py3.12/lib/python3.12/site-packages/httpx/_transports/default.py", line 376, in handle_async_request
    with map_httpcore_exceptions():
  File "/usr/lib/python3.12/contextlib.py", line 158, in __exit__
    self.gen.throw(value)
  File "/home/jabez/.cache/pypoetry/virtualenvs/kebede-bot-4wRYckUS-py3.12/lib/python3.12/site-packages/httpx/_transports/default.py", line 89, in map_httpcore_exceptions
    raise mapped_exc(message) from exc
httpx.ConnectError: [Errno -3] Temporary failure in name resolution

The above exception was the direct cause of the following exception:

Traceback (most recent call last):
  File "/home/jabez/.cache/pypoetry/virtualenvs/kebede-bot-4wRYckUS-py3.12/lib/python3.12/site-packages/telegram/ext/_updater.py", line 753, in _network_loop_retry
    if not await do_action():
           ^^^^^^^^^^^^^^^^^
  File "/home/jabez/.cache/pypoetry/virtualenvs/kebede-bot-4wRYckUS-py3.12/lib/python3.12/site-packages/telegram/ext/_updater.py", line 747, in do_action
    return action_cb_task.result()
           ^^^^^^^^^^^^^^^^^^^^^^^
  File "/home/jabez/.cache/pypoetry/virtualenvs/kebede-bot-4wRYckUS-py3.12/lib/python3.12/site-packages/telegram/ext/_updater.py", line 377, in polling_action_cb
    updates = await self.bot.get_updates(
              ^^^^^^^^^^^^^^^^^^^^^^^^^^^
  File "/home/jabez/.cache/pypoetry/virtualenvs/kebede-bot-4wRYckUS-py3.12/lib/python3.12/site-packages/telegram/ext/_extbot.py", line 649, in get_updates
    updates = await super().get_updates(
              ^^^^^^^^^^^^^^^^^^^^^^^^^^
  File "/home/jabez/.cache/pypoetry/virtualenvs/kebede-bot-4wRYckUS-py3.12/lib/python3.12/site-packages/telegram/_bot.py", line 4366, in get_updates
    await self._post(
  File "/home/jabez/.cache/pypoetry/virtualenvs/kebede-bot-4wRYckUS-py3.12/lib/python3.12/site-packages/telegram/_bot.py", line 623, in _post
    return await self._do_post(
           ^^^^^^^^^^^^^^^^^^^^
  File "/home/jabez/.cache/pypoetry/virtualenvs/kebede-bot-4wRYckUS-py3.12/lib/python3.12/site-packages/telegram/ext/_extbot.py", line 355, in _do_post
    return await super()._do_post(
           ^^^^^^^^^^^^^^^^^^^^^^^
  File "/home/jabez/.cache/pypoetry/virtualenvs/kebede-bot-4wRYckUS-py3.12/lib/python3.12/site-packages/telegram/_bot.py", line 652, in _do_post
    result = await request.post(
             ^^^^^^^^^^^^^^^^^^^
  File "/home/jabez/.cache/pypoetry/virtualenvs/kebede-bot-4wRYckUS-py3.12/lib/python3.12/site-packages/telegram/request/_baserequest.py", line 201, in post
    result = await self._request_wrapper(
             ^^^^^^^^^^^^^^^^^^^^^^^^^^^^
  File "/home/jabez/.cache/pypoetry/virtualenvs/kebede-bot-4wRYckUS-py3.12/lib/python3.12/site-packages/telegram/request/_baserequest.py", line 333, in _request_wrapper
    code, payload = await self.do_request(
                    ^^^^^^^^^^^^^^^^^^^^^^
  File "/home/jabez/.cache/pypoetry/virtualenvs/kebede-bot-4wRYckUS-py3.12/lib/python3.12/site-packages/telegram/request/_httpxrequest.py", line 316, in do_request
    raise NetworkError(f"httpx.{err.__class__.__name__}: {err}") from err
telegram.error.NetworkError: httpx.ConnectError: [Errno -3] Temporary failure in name resolution
2024-11-07 22:12:44,115 - No error handlers are registered, logging exception.
Traceback (most recent call last):
  File "/home/jabez/.cache/pypoetry/virtualenvs/kebede-bot-4wRYckUS-py3.12/lib/python3.12/site-packages/httpx/_transports/default.py", line 72, in map_httpcore_exceptions
    yield
  File "/home/jabez/.cache/pypoetry/virtualenvs/kebede-bot-4wRYckUS-py3.12/lib/python3.12/site-packages/httpx/_transports/default.py", line 377, in handle_async_request
    resp = await self._pool.handle_async_request(req)
           ^^^^^^^^^^^^^^^^^^^^^^^^^^^^^^^^^^^^^^^^^^
  File "/home/jabez/.cache/pypoetry/virtualenvs/kebede-bot-4wRYckUS-py3.12/lib/python3.12/site-packages/httpcore/_async/connection_pool.py", line 216, in handle_async_request
    raise exc from None
  File "/home/jabez/.cache/pypoetry/virtualenvs/kebede-bot-4wRYckUS-py3.12/lib/python3.12/site-packages/httpcore/_async/connection_pool.py", line 196, in handle_async_request
    response = await connection.handle_async_request(
               ^^^^^^^^^^^^^^^^^^^^^^^^^^^^^^^^^^^^^^
  File "/home/jabez/.cache/pypoetry/virtualenvs/kebede-bot-4wRYckUS-py3.12/lib/python3.12/site-packages/httpcore/_async/connection.py", line 99, in handle_async_request
    raise exc
  File "/home/jabez/.cache/pypoetry/virtualenvs/kebede-bot-4wRYckUS-py3.12/lib/python3.12/site-packages/httpcore/_async/connection.py", line 76, in handle_async_request
    stream = await self._connect(request)
             ^^^^^^^^^^^^^^^^^^^^^^^^^^^^
  File "/home/jabez/.cache/pypoetry/virtualenvs/kebede-bot-4wRYckUS-py3.12/lib/python3.12/site-packages/httpcore/_async/connection.py", line 122, in _connect
    stream = await self._network_backend.connect_tcp(**kwargs)
             ^^^^^^^^^^^^^^^^^^^^^^^^^^^^^^^^^^^^^^^^^^^^^^^^^
  File "/home/jabez/.cache/pypoetry/virtualenvs/kebede-bot-4wRYckUS-py3.12/lib/python3.12/site-packages/httpcore/_backends/auto.py", line 30, in connect_tcp
    return await self._backend.connect_tcp(
           ^^^^^^^^^^^^^^^^^^^^^^^^^^^^^^^^
  File "/home/jabez/.cache/pypoetry/virtualenvs/kebede-bot-4wRYckUS-py3.12/lib/python3.12/site-packages/httpcore/_backends/anyio.py", line 115, in connect_tcp
    with map_exceptions(exc_map):
  File "/usr/lib/python3.12/contextlib.py", line 158, in __exit__
    self.gen.throw(value)
  File "/home/jabez/.cache/pypoetry/virtualenvs/kebede-bot-4wRYckUS-py3.12/lib/python3.12/site-packages/httpcore/_exceptions.py", line 14, in map_exceptions
    raise to_exc(exc) from exc
httpcore.ConnectError: [Errno -3] Temporary failure in name resolution

The above exception was the direct cause of the following exception:

Traceback (most recent call last):
  File "/home/jabez/.cache/pypoetry/virtualenvs/kebede-bot-4wRYckUS-py3.12/lib/python3.12/site-packages/telegram/request/_httpxrequest.py", line 292, in do_request
    res = await self._client.request(
          ^^^^^^^^^^^^^^^^^^^^^^^^^^^
  File "/home/jabez/.cache/pypoetry/virtualenvs/kebede-bot-4wRYckUS-py3.12/lib/python3.12/site-packages/httpx/_client.py", line 1585, in request
    return await self.send(request, auth=auth, follow_redirects=follow_redirects)
           ^^^^^^^^^^^^^^^^^^^^^^^^^^^^^^^^^^^^^^^^^^^^^^^^^^^^^^^^^^^^^^^^^^^^^^
  File "/home/jabez/.cache/pypoetry/virtualenvs/kebede-bot-4wRYckUS-py3.12/lib/python3.12/site-packages/httpx/_client.py", line 1674, in send
    response = await self._send_handling_auth(
               ^^^^^^^^^^^^^^^^^^^^^^^^^^^^^^^
  File "/home/jabez/.cache/pypoetry/virtualenvs/kebede-bot-4wRYckUS-py3.12/lib/python3.12/site-packages/httpx/_client.py", line 1702, in _send_handling_auth
    response = await self._send_handling_redirects(
               ^^^^^^^^^^^^^^^^^^^^^^^^^^^^^^^^^^^^
  File "/home/jabez/.cache/pypoetry/virtualenvs/kebede-bot-4wRYckUS-py3.12/lib/python3.12/site-packages/httpx/_client.py", line 1739, in _send_handling_redirects
    response = await self._send_single_request(request)
               ^^^^^^^^^^^^^^^^^^^^^^^^^^^^^^^^^^^^^^^^
  File "/home/jabez/.cache/pypoetry/virtualenvs/kebede-bot-4wRYckUS-py3.12/lib/python3.12/site-packages/httpx/_client.py", line 1776, in _send_single_request
    response = await transport.handle_async_request(request)
               ^^^^^^^^^^^^^^^^^^^^^^^^^^^^^^^^^^^^^^^^^^^^^
  File "/home/jabez/.cache/pypoetry/virtualenvs/kebede-bot-4wRYckUS-py3.12/lib/python3.12/site-packages/httpx/_transports/default.py", line 376, in handle_async_request
    with map_httpcore_exceptions():
  File "/usr/lib/python3.12/contextlib.py", line 158, in __exit__
    self.gen.throw(value)
  File "/home/jabez/.cache/pypoetry/virtualenvs/kebede-bot-4wRYckUS-py3.12/lib/python3.12/site-packages/httpx/_transports/default.py", line 89, in map_httpcore_exceptions
    raise mapped_exc(message) from exc
httpx.ConnectError: [Errno -3] Temporary failure in name resolution

The above exception was the direct cause of the following exception:

Traceback (most recent call last):
  File "/home/jabez/.cache/pypoetry/virtualenvs/kebede-bot-4wRYckUS-py3.12/lib/python3.12/site-packages/telegram/ext/_updater.py", line 753, in _network_loop_retry
    if not await do_action():
           ^^^^^^^^^^^^^^^^^
  File "/home/jabez/.cache/pypoetry/virtualenvs/kebede-bot-4wRYckUS-py3.12/lib/python3.12/site-packages/telegram/ext/_updater.py", line 747, in do_action
    return action_cb_task.result()
           ^^^^^^^^^^^^^^^^^^^^^^^
  File "/home/jabez/.cache/pypoetry/virtualenvs/kebede-bot-4wRYckUS-py3.12/lib/python3.12/site-packages/telegram/ext/_updater.py", line 377, in polling_action_cb
    updates = await self.bot.get_updates(
              ^^^^^^^^^^^^^^^^^^^^^^^^^^^
  File "/home/jabez/.cache/pypoetry/virtualenvs/kebede-bot-4wRYckUS-py3.12/lib/python3.12/site-packages/telegram/ext/_extbot.py", line 649, in get_updates
    updates = await super().get_updates(
              ^^^^^^^^^^^^^^^^^^^^^^^^^^
  File "/home/jabez/.cache/pypoetry/virtualenvs/kebede-bot-4wRYckUS-py3.12/lib/python3.12/site-packages/telegram/_bot.py", line 4366, in get_updates
    await self._post(
  File "/home/jabez/.cache/pypoetry/virtualenvs/kebede-bot-4wRYckUS-py3.12/lib/python3.12/site-packages/telegram/_bot.py", line 623, in _post
    return await self._do_post(
           ^^^^^^^^^^^^^^^^^^^^
  File "/home/jabez/.cache/pypoetry/virtualenvs/kebede-bot-4wRYckUS-py3.12/lib/python3.12/site-packages/telegram/ext/_extbot.py", line 355, in _do_post
    return await super()._do_post(
           ^^^^^^^^^^^^^^^^^^^^^^^
  File "/home/jabez/.cache/pypoetry/virtualenvs/kebede-bot-4wRYckUS-py3.12/lib/python3.12/site-packages/telegram/_bot.py", line 652, in _do_post
    result = await request.post(
             ^^^^^^^^^^^^^^^^^^^
  File "/home/jabez/.cache/pypoetry/virtualenvs/kebede-bot-4wRYckUS-py3.12/lib/python3.12/site-packages/telegram/request/_baserequest.py", line 201, in post
    result = await self._request_wrapper(
             ^^^^^^^^^^^^^^^^^^^^^^^^^^^^
  File "/home/jabez/.cache/pypoetry/virtualenvs/kebede-bot-4wRYckUS-py3.12/lib/python3.12/site-packages/telegram/request/_baserequest.py", line 333, in _request_wrapper
    code, payload = await self.do_request(
                    ^^^^^^^^^^^^^^^^^^^^^^
  File "/home/jabez/.cache/pypoetry/virtualenvs/kebede-bot-4wRYckUS-py3.12/lib/python3.12/site-packages/telegram/request/_httpxrequest.py", line 316, in do_request
    raise NetworkError(f"httpx.{err.__class__.__name__}: {err}") from err
telegram.error.NetworkError: httpx.ConnectError: [Errno -3] Temporary failure in name resolution
2024-11-07 22:12:49,190 - No error handlers are registered, logging exception.
Traceback (most recent call last):
  File "/home/jabez/.cache/pypoetry/virtualenvs/kebede-bot-4wRYckUS-py3.12/lib/python3.12/site-packages/httpx/_transports/default.py", line 72, in map_httpcore_exceptions
    yield
  File "/home/jabez/.cache/pypoetry/virtualenvs/kebede-bot-4wRYckUS-py3.12/lib/python3.12/site-packages/httpx/_transports/default.py", line 377, in handle_async_request
    resp = await self._pool.handle_async_request(req)
           ^^^^^^^^^^^^^^^^^^^^^^^^^^^^^^^^^^^^^^^^^^
  File "/home/jabez/.cache/pypoetry/virtualenvs/kebede-bot-4wRYckUS-py3.12/lib/python3.12/site-packages/httpcore/_async/connection_pool.py", line 216, in handle_async_request
    raise exc from None
  File "/home/jabez/.cache/pypoetry/virtualenvs/kebede-bot-4wRYckUS-py3.12/lib/python3.12/site-packages/httpcore/_async/connection_pool.py", line 196, in handle_async_request
    response = await connection.handle_async_request(
               ^^^^^^^^^^^^^^^^^^^^^^^^^^^^^^^^^^^^^^
  File "/home/jabez/.cache/pypoetry/virtualenvs/kebede-bot-4wRYckUS-py3.12/lib/python3.12/site-packages/httpcore/_async/connection.py", line 99, in handle_async_request
    raise exc
  File "/home/jabez/.cache/pypoetry/virtualenvs/kebede-bot-4wRYckUS-py3.12/lib/python3.12/site-packages/httpcore/_async/connection.py", line 76, in handle_async_request
    stream = await self._connect(request)
             ^^^^^^^^^^^^^^^^^^^^^^^^^^^^
  File "/home/jabez/.cache/pypoetry/virtualenvs/kebede-bot-4wRYckUS-py3.12/lib/python3.12/site-packages/httpcore/_async/connection.py", line 122, in _connect
    stream = await self._network_backend.connect_tcp(**kwargs)
             ^^^^^^^^^^^^^^^^^^^^^^^^^^^^^^^^^^^^^^^^^^^^^^^^^
  File "/home/jabez/.cache/pypoetry/virtualenvs/kebede-bot-4wRYckUS-py3.12/lib/python3.12/site-packages/httpcore/_backends/auto.py", line 30, in connect_tcp
    return await self._backend.connect_tcp(
           ^^^^^^^^^^^^^^^^^^^^^^^^^^^^^^^^
  File "/home/jabez/.cache/pypoetry/virtualenvs/kebede-bot-4wRYckUS-py3.12/lib/python3.12/site-packages/httpcore/_backends/anyio.py", line 115, in connect_tcp
    with map_exceptions(exc_map):
  File "/usr/lib/python3.12/contextlib.py", line 158, in __exit__
    self.gen.throw(value)
  File "/home/jabez/.cache/pypoetry/virtualenvs/kebede-bot-4wRYckUS-py3.12/lib/python3.12/site-packages/httpcore/_exceptions.py", line 14, in map_exceptions
    raise to_exc(exc) from exc
httpcore.ConnectError: [Errno -3] Temporary failure in name resolution

The above exception was the direct cause of the following exception:

Traceback (most recent call last):
  File "/home/jabez/.cache/pypoetry/virtualenvs/kebede-bot-4wRYckUS-py3.12/lib/python3.12/site-packages/telegram/request/_httpxrequest.py", line 292, in do_request
    res = await self._client.request(
          ^^^^^^^^^^^^^^^^^^^^^^^^^^^
  File "/home/jabez/.cache/pypoetry/virtualenvs/kebede-bot-4wRYckUS-py3.12/lib/python3.12/site-packages/httpx/_client.py", line 1585, in request
    return await self.send(request, auth=auth, follow_redirects=follow_redirects)
           ^^^^^^^^^^^^^^^^^^^^^^^^^^^^^^^^^^^^^^^^^^^^^^^^^^^^^^^^^^^^^^^^^^^^^^
  File "/home/jabez/.cache/pypoetry/virtualenvs/kebede-bot-4wRYckUS-py3.12/lib/python3.12/site-packages/httpx/_client.py", line 1674, in send
    response = await self._send_handling_auth(
               ^^^^^^^^^^^^^^^^^^^^^^^^^^^^^^^
  File "/home/jabez/.cache/pypoetry/virtualenvs/kebede-bot-4wRYckUS-py3.12/lib/python3.12/site-packages/httpx/_client.py", line 1702, in _send_handling_auth
    response = await self._send_handling_redirects(
               ^^^^^^^^^^^^^^^^^^^^^^^^^^^^^^^^^^^^
  File "/home/jabez/.cache/pypoetry/virtualenvs/kebede-bot-4wRYckUS-py3.12/lib/python3.12/site-packages/httpx/_client.py", line 1739, in _send_handling_redirects
    response = await self._send_single_request(request)
               ^^^^^^^^^^^^^^^^^^^^^^^^^^^^^^^^^^^^^^^^
  File "/home/jabez/.cache/pypoetry/virtualenvs/kebede-bot-4wRYckUS-py3.12/lib/python3.12/site-packages/httpx/_client.py", line 1776, in _send_single_request
    response = await transport.handle_async_request(request)
               ^^^^^^^^^^^^^^^^^^^^^^^^^^^^^^^^^^^^^^^^^^^^^
  File "/home/jabez/.cache/pypoetry/virtualenvs/kebede-bot-4wRYckUS-py3.12/lib/python3.12/site-packages/httpx/_transports/default.py", line 376, in handle_async_request
    with map_httpcore_exceptions():
  File "/usr/lib/python3.12/contextlib.py", line 158, in __exit__
    self.gen.throw(value)
  File "/home/jabez/.cache/pypoetry/virtualenvs/kebede-bot-4wRYckUS-py3.12/lib/python3.12/site-packages/httpx/_transports/default.py", line 89, in map_httpcore_exceptions
    raise mapped_exc(message) from exc
httpx.ConnectError: [Errno -3] Temporary failure in name resolution

The above exception was the direct cause of the following exception:

Traceback (most recent call last):
  File "/home/jabez/.cache/pypoetry/virtualenvs/kebede-bot-4wRYckUS-py3.12/lib/python3.12/site-packages/telegram/ext/_updater.py", line 753, in _network_loop_retry
    if not await do_action():
           ^^^^^^^^^^^^^^^^^
  File "/home/jabez/.cache/pypoetry/virtualenvs/kebede-bot-4wRYckUS-py3.12/lib/python3.12/site-packages/telegram/ext/_updater.py", line 747, in do_action
    return action_cb_task.result()
           ^^^^^^^^^^^^^^^^^^^^^^^
  File "/home/jabez/.cache/pypoetry/virtualenvs/kebede-bot-4wRYckUS-py3.12/lib/python3.12/site-packages/telegram/ext/_updater.py", line 377, in polling_action_cb
    updates = await self.bot.get_updates(
              ^^^^^^^^^^^^^^^^^^^^^^^^^^^
  File "/home/jabez/.cache/pypoetry/virtualenvs/kebede-bot-4wRYckUS-py3.12/lib/python3.12/site-packages/telegram/ext/_extbot.py", line 649, in get_updates
    updates = await super().get_updates(
              ^^^^^^^^^^^^^^^^^^^^^^^^^^
  File "/home/jabez/.cache/pypoetry/virtualenvs/kebede-bot-4wRYckUS-py3.12/lib/python3.12/site-packages/telegram/_bot.py", line 4366, in get_updates
    await self._post(
  File "/home/jabez/.cache/pypoetry/virtualenvs/kebede-bot-4wRYckUS-py3.12/lib/python3.12/site-packages/telegram/_bot.py", line 623, in _post
    return await self._do_post(
           ^^^^^^^^^^^^^^^^^^^^
  File "/home/jabez/.cache/pypoetry/virtualenvs/kebede-bot-4wRYckUS-py3.12/lib/python3.12/site-packages/telegram/ext/_extbot.py", line 355, in _do_post
    return await super()._do_post(
           ^^^^^^^^^^^^^^^^^^^^^^^
  File "/home/jabez/.cache/pypoetry/virtualenvs/kebede-bot-4wRYckUS-py3.12/lib/python3.12/site-packages/telegram/_bot.py", line 652, in _do_post
    result = await request.post(
             ^^^^^^^^^^^^^^^^^^^
  File "/home/jabez/.cache/pypoetry/virtualenvs/kebede-bot-4wRYckUS-py3.12/lib/python3.12/site-packages/telegram/request/_baserequest.py", line 201, in post
    result = await self._request_wrapper(
             ^^^^^^^^^^^^^^^^^^^^^^^^^^^^
  File "/home/jabez/.cache/pypoetry/virtualenvs/kebede-bot-4wRYckUS-py3.12/lib/python3.12/site-packages/telegram/request/_baserequest.py", line 333, in _request_wrapper
    code, payload = await self.do_request(
                    ^^^^^^^^^^^^^^^^^^^^^^
  File "/home/jabez/.cache/pypoetry/virtualenvs/kebede-bot-4wRYckUS-py3.12/lib/python3.12/site-packages/telegram/request/_httpxrequest.py", line 316, in do_request
    raise NetworkError(f"httpx.{err.__class__.__name__}: {err}") from err
telegram.error.NetworkError: httpx.ConnectError: [Errno -3] Temporary failure in name resolution
2024-11-07 22:12:56,798 - No error handlers are registered, logging exception.
Traceback (most recent call last):
  File "/home/jabez/.cache/pypoetry/virtualenvs/kebede-bot-4wRYckUS-py3.12/lib/python3.12/site-packages/httpx/_transports/default.py", line 72, in map_httpcore_exceptions
    yield
  File "/home/jabez/.cache/pypoetry/virtualenvs/kebede-bot-4wRYckUS-py3.12/lib/python3.12/site-packages/httpx/_transports/default.py", line 377, in handle_async_request
    resp = await self._pool.handle_async_request(req)
           ^^^^^^^^^^^^^^^^^^^^^^^^^^^^^^^^^^^^^^^^^^
  File "/home/jabez/.cache/pypoetry/virtualenvs/kebede-bot-4wRYckUS-py3.12/lib/python3.12/site-packages/httpcore/_async/connection_pool.py", line 216, in handle_async_request
    raise exc from None
  File "/home/jabez/.cache/pypoetry/virtualenvs/kebede-bot-4wRYckUS-py3.12/lib/python3.12/site-packages/httpcore/_async/connection_pool.py", line 196, in handle_async_request
    response = await connection.handle_async_request(
               ^^^^^^^^^^^^^^^^^^^^^^^^^^^^^^^^^^^^^^
  File "/home/jabez/.cache/pypoetry/virtualenvs/kebede-bot-4wRYckUS-py3.12/lib/python3.12/site-packages/httpcore/_async/connection.py", line 99, in handle_async_request
    raise exc
  File "/home/jabez/.cache/pypoetry/virtualenvs/kebede-bot-4wRYckUS-py3.12/lib/python3.12/site-packages/httpcore/_async/connection.py", line 76, in handle_async_request
    stream = await self._connect(request)
             ^^^^^^^^^^^^^^^^^^^^^^^^^^^^
  File "/home/jabez/.cache/pypoetry/virtualenvs/kebede-bot-4wRYckUS-py3.12/lib/python3.12/site-packages/httpcore/_async/connection.py", line 122, in _connect
    stream = await self._network_backend.connect_tcp(**kwargs)
             ^^^^^^^^^^^^^^^^^^^^^^^^^^^^^^^^^^^^^^^^^^^^^^^^^
  File "/home/jabez/.cache/pypoetry/virtualenvs/kebede-bot-4wRYckUS-py3.12/lib/python3.12/site-packages/httpcore/_backends/auto.py", line 30, in connect_tcp
    return await self._backend.connect_tcp(
           ^^^^^^^^^^^^^^^^^^^^^^^^^^^^^^^^
  File "/home/jabez/.cache/pypoetry/virtualenvs/kebede-bot-4wRYckUS-py3.12/lib/python3.12/site-packages/httpcore/_backends/anyio.py", line 115, in connect_tcp
    with map_exceptions(exc_map):
  File "/usr/lib/python3.12/contextlib.py", line 158, in __exit__
    self.gen.throw(value)
  File "/home/jabez/.cache/pypoetry/virtualenvs/kebede-bot-4wRYckUS-py3.12/lib/python3.12/site-packages/httpcore/_exceptions.py", line 14, in map_exceptions
    raise to_exc(exc) from exc
httpcore.ConnectError: [Errno -3] Temporary failure in name resolution

The above exception was the direct cause of the following exception:

Traceback (most recent call last):
  File "/home/jabez/.cache/pypoetry/virtualenvs/kebede-bot-4wRYckUS-py3.12/lib/python3.12/site-packages/telegram/request/_httpxrequest.py", line 292, in do_request
    res = await self._client.request(
          ^^^^^^^^^^^^^^^^^^^^^^^^^^^
  File "/home/jabez/.cache/pypoetry/virtualenvs/kebede-bot-4wRYckUS-py3.12/lib/python3.12/site-packages/httpx/_client.py", line 1585, in request
    return await self.send(request, auth=auth, follow_redirects=follow_redirects)
           ^^^^^^^^^^^^^^^^^^^^^^^^^^^^^^^^^^^^^^^^^^^^^^^^^^^^^^^^^^^^^^^^^^^^^^
  File "/home/jabez/.cache/pypoetry/virtualenvs/kebede-bot-4wRYckUS-py3.12/lib/python3.12/site-packages/httpx/_client.py", line 1674, in send
    response = await self._send_handling_auth(
               ^^^^^^^^^^^^^^^^^^^^^^^^^^^^^^^
  File "/home/jabez/.cache/pypoetry/virtualenvs/kebede-bot-4wRYckUS-py3.12/lib/python3.12/site-packages/httpx/_client.py", line 1702, in _send_handling_auth
    response = await self._send_handling_redirects(
               ^^^^^^^^^^^^^^^^^^^^^^^^^^^^^^^^^^^^
  File "/home/jabez/.cache/pypoetry/virtualenvs/kebede-bot-4wRYckUS-py3.12/lib/python3.12/site-packages/httpx/_client.py", line 1739, in _send_handling_redirects
    response = await self._send_single_request(request)
               ^^^^^^^^^^^^^^^^^^^^^^^^^^^^^^^^^^^^^^^^
  File "/home/jabez/.cache/pypoetry/virtualenvs/kebede-bot-4wRYckUS-py3.12/lib/python3.12/site-packages/httpx/_client.py", line 1776, in _send_single_request
    response = await transport.handle_async_request(request)
               ^^^^^^^^^^^^^^^^^^^^^^^^^^^^^^^^^^^^^^^^^^^^^
  File "/home/jabez/.cache/pypoetry/virtualenvs/kebede-bot-4wRYckUS-py3.12/lib/python3.12/site-packages/httpx/_transports/default.py", line 376, in handle_async_request
    with map_httpcore_exceptions():
  File "/usr/lib/python3.12/contextlib.py", line 158, in __exit__
    self.gen.throw(value)
  File "/home/jabez/.cache/pypoetry/virtualenvs/kebede-bot-4wRYckUS-py3.12/lib/python3.12/site-packages/httpx/_transports/default.py", line 89, in map_httpcore_exceptions
    raise mapped_exc(message) from exc
httpx.ConnectError: [Errno -3] Temporary failure in name resolution

The above exception was the direct cause of the following exception:

Traceback (most recent call last):
  File "/home/jabez/.cache/pypoetry/virtualenvs/kebede-bot-4wRYckUS-py3.12/lib/python3.12/site-packages/telegram/ext/_updater.py", line 753, in _network_loop_retry
    if not await do_action():
           ^^^^^^^^^^^^^^^^^
  File "/home/jabez/.cache/pypoetry/virtualenvs/kebede-bot-4wRYckUS-py3.12/lib/python3.12/site-packages/telegram/ext/_updater.py", line 747, in do_action
    return action_cb_task.result()
           ^^^^^^^^^^^^^^^^^^^^^^^
  File "/home/jabez/.cache/pypoetry/virtualenvs/kebede-bot-4wRYckUS-py3.12/lib/python3.12/site-packages/telegram/ext/_updater.py", line 377, in polling_action_cb
    updates = await self.bot.get_updates(
              ^^^^^^^^^^^^^^^^^^^^^^^^^^^
  File "/home/jabez/.cache/pypoetry/virtualenvs/kebede-bot-4wRYckUS-py3.12/lib/python3.12/site-packages/telegram/ext/_extbot.py", line 649, in get_updates
    updates = await super().get_updates(
              ^^^^^^^^^^^^^^^^^^^^^^^^^^
  File "/home/jabez/.cache/pypoetry/virtualenvs/kebede-bot-4wRYckUS-py3.12/lib/python3.12/site-packages/telegram/_bot.py", line 4366, in get_updates
    await self._post(
  File "/home/jabez/.cache/pypoetry/virtualenvs/kebede-bot-4wRYckUS-py3.12/lib/python3.12/site-packages/telegram/_bot.py", line 623, in _post
    return await self._do_post(
           ^^^^^^^^^^^^^^^^^^^^
  File "/home/jabez/.cache/pypoetry/virtualenvs/kebede-bot-4wRYckUS-py3.12/lib/python3.12/site-packages/telegram/ext/_extbot.py", line 355, in _do_post
    return await super()._do_post(
           ^^^^^^^^^^^^^^^^^^^^^^^
  File "/home/jabez/.cache/pypoetry/virtualenvs/kebede-bot-4wRYckUS-py3.12/lib/python3.12/site-packages/telegram/_bot.py", line 652, in _do_post
    result = await request.post(
             ^^^^^^^^^^^^^^^^^^^
  File "/home/jabez/.cache/pypoetry/virtualenvs/kebede-bot-4wRYckUS-py3.12/lib/python3.12/site-packages/telegram/request/_baserequest.py", line 201, in post
    result = await self._request_wrapper(
             ^^^^^^^^^^^^^^^^^^^^^^^^^^^^
  File "/home/jabez/.cache/pypoetry/virtualenvs/kebede-bot-4wRYckUS-py3.12/lib/python3.12/site-packages/telegram/request/_baserequest.py", line 333, in _request_wrapper
    code, payload = await self.do_request(
                    ^^^^^^^^^^^^^^^^^^^^^^
  File "/home/jabez/.cache/pypoetry/virtualenvs/kebede-bot-4wRYckUS-py3.12/lib/python3.12/site-packages/telegram/request/_httpxrequest.py", line 316, in do_request
    raise NetworkError(f"httpx.{err.__class__.__name__}: {err}") from err
telegram.error.NetworkError: httpx.ConnectError: [Errno -3] Temporary failure in name resolution
2024-11-07 22:13:08,205 - No error handlers are registered, logging exception.
Traceback (most recent call last):
  File "/home/jabez/.cache/pypoetry/virtualenvs/kebede-bot-4wRYckUS-py3.12/lib/python3.12/site-packages/httpx/_transports/default.py", line 72, in map_httpcore_exceptions
    yield
  File "/home/jabez/.cache/pypoetry/virtualenvs/kebede-bot-4wRYckUS-py3.12/lib/python3.12/site-packages/httpx/_transports/default.py", line 377, in handle_async_request
    resp = await self._pool.handle_async_request(req)
           ^^^^^^^^^^^^^^^^^^^^^^^^^^^^^^^^^^^^^^^^^^
  File "/home/jabez/.cache/pypoetry/virtualenvs/kebede-bot-4wRYckUS-py3.12/lib/python3.12/site-packages/httpcore/_async/connection_pool.py", line 216, in handle_async_request
    raise exc from None
  File "/home/jabez/.cache/pypoetry/virtualenvs/kebede-bot-4wRYckUS-py3.12/lib/python3.12/site-packages/httpcore/_async/connection_pool.py", line 196, in handle_async_request
    response = await connection.handle_async_request(
               ^^^^^^^^^^^^^^^^^^^^^^^^^^^^^^^^^^^^^^
  File "/home/jabez/.cache/pypoetry/virtualenvs/kebede-bot-4wRYckUS-py3.12/lib/python3.12/site-packages/httpcore/_async/connection.py", line 99, in handle_async_request
    raise exc
  File "/home/jabez/.cache/pypoetry/virtualenvs/kebede-bot-4wRYckUS-py3.12/lib/python3.12/site-packages/httpcore/_async/connection.py", line 76, in handle_async_request
    stream = await self._connect(request)
             ^^^^^^^^^^^^^^^^^^^^^^^^^^^^
  File "/home/jabez/.cache/pypoetry/virtualenvs/kebede-bot-4wRYckUS-py3.12/lib/python3.12/site-packages/httpcore/_async/connection.py", line 122, in _connect
    stream = await self._network_backend.connect_tcp(**kwargs)
             ^^^^^^^^^^^^^^^^^^^^^^^^^^^^^^^^^^^^^^^^^^^^^^^^^
  File "/home/jabez/.cache/pypoetry/virtualenvs/kebede-bot-4wRYckUS-py3.12/lib/python3.12/site-packages/httpcore/_backends/auto.py", line 30, in connect_tcp
    return await self._backend.connect_tcp(
           ^^^^^^^^^^^^^^^^^^^^^^^^^^^^^^^^
  File "/home/jabez/.cache/pypoetry/virtualenvs/kebede-bot-4wRYckUS-py3.12/lib/python3.12/site-packages/httpcore/_backends/anyio.py", line 115, in connect_tcp
    with map_exceptions(exc_map):
  File "/usr/lib/python3.12/contextlib.py", line 158, in __exit__
    self.gen.throw(value)
  File "/home/jabez/.cache/pypoetry/virtualenvs/kebede-bot-4wRYckUS-py3.12/lib/python3.12/site-packages/httpcore/_exceptions.py", line 14, in map_exceptions
    raise to_exc(exc) from exc
httpcore.ConnectError: [Errno -3] Temporary failure in name resolution

The above exception was the direct cause of the following exception:

Traceback (most recent call last):
  File "/home/jabez/.cache/pypoetry/virtualenvs/kebede-bot-4wRYckUS-py3.12/lib/python3.12/site-packages/telegram/request/_httpxrequest.py", line 292, in do_request
    res = await self._client.request(
          ^^^^^^^^^^^^^^^^^^^^^^^^^^^
  File "/home/jabez/.cache/pypoetry/virtualenvs/kebede-bot-4wRYckUS-py3.12/lib/python3.12/site-packages/httpx/_client.py", line 1585, in request
    return await self.send(request, auth=auth, follow_redirects=follow_redirects)
           ^^^^^^^^^^^^^^^^^^^^^^^^^^^^^^^^^^^^^^^^^^^^^^^^^^^^^^^^^^^^^^^^^^^^^^
  File "/home/jabez/.cache/pypoetry/virtualenvs/kebede-bot-4wRYckUS-py3.12/lib/python3.12/site-packages/httpx/_client.py", line 1674, in send
    response = await self._send_handling_auth(
               ^^^^^^^^^^^^^^^^^^^^^^^^^^^^^^^
  File "/home/jabez/.cache/pypoetry/virtualenvs/kebede-bot-4wRYckUS-py3.12/lib/python3.12/site-packages/httpx/_client.py", line 1702, in _send_handling_auth
    response = await self._send_handling_redirects(
               ^^^^^^^^^^^^^^^^^^^^^^^^^^^^^^^^^^^^
  File "/home/jabez/.cache/pypoetry/virtualenvs/kebede-bot-4wRYckUS-py3.12/lib/python3.12/site-packages/httpx/_client.py", line 1739, in _send_handling_redirects
    response = await self._send_single_request(request)
               ^^^^^^^^^^^^^^^^^^^^^^^^^^^^^^^^^^^^^^^^
  File "/home/jabez/.cache/pypoetry/virtualenvs/kebede-bot-4wRYckUS-py3.12/lib/python3.12/site-packages/httpx/_client.py", line 1776, in _send_single_request
    response = await transport.handle_async_request(request)
               ^^^^^^^^^^^^^^^^^^^^^^^^^^^^^^^^^^^^^^^^^^^^^
  File "/home/jabez/.cache/pypoetry/virtualenvs/kebede-bot-4wRYckUS-py3.12/lib/python3.12/site-packages/httpx/_transports/default.py", line 376, in handle_async_request
    with map_httpcore_exceptions():
  File "/usr/lib/python3.12/contextlib.py", line 158, in __exit__
    self.gen.throw(value)
  File "/home/jabez/.cache/pypoetry/virtualenvs/kebede-bot-4wRYckUS-py3.12/lib/python3.12/site-packages/httpx/_transports/default.py", line 89, in map_httpcore_exceptions
    raise mapped_exc(message) from exc
httpx.ConnectError: [Errno -3] Temporary failure in name resolution

The above exception was the direct cause of the following exception:

Traceback (most recent call last):
  File "/home/jabez/.cache/pypoetry/virtualenvs/kebede-bot-4wRYckUS-py3.12/lib/python3.12/site-packages/telegram/ext/_updater.py", line 753, in _network_loop_retry
    if not await do_action():
           ^^^^^^^^^^^^^^^^^
  File "/home/jabez/.cache/pypoetry/virtualenvs/kebede-bot-4wRYckUS-py3.12/lib/python3.12/site-packages/telegram/ext/_updater.py", line 747, in do_action
    return action_cb_task.result()
           ^^^^^^^^^^^^^^^^^^^^^^^
  File "/home/jabez/.cache/pypoetry/virtualenvs/kebede-bot-4wRYckUS-py3.12/lib/python3.12/site-packages/telegram/ext/_updater.py", line 377, in polling_action_cb
    updates = await self.bot.get_updates(
              ^^^^^^^^^^^^^^^^^^^^^^^^^^^
  File "/home/jabez/.cache/pypoetry/virtualenvs/kebede-bot-4wRYckUS-py3.12/lib/python3.12/site-packages/telegram/ext/_extbot.py", line 649, in get_updates
    updates = await super().get_updates(
              ^^^^^^^^^^^^^^^^^^^^^^^^^^
  File "/home/jabez/.cache/pypoetry/virtualenvs/kebede-bot-4wRYckUS-py3.12/lib/python3.12/site-packages/telegram/_bot.py", line 4366, in get_updates
    await self._post(
  File "/home/jabez/.cache/pypoetry/virtualenvs/kebede-bot-4wRYckUS-py3.12/lib/python3.12/site-packages/telegram/_bot.py", line 623, in _post
    return await self._do_post(
           ^^^^^^^^^^^^^^^^^^^^
  File "/home/jabez/.cache/pypoetry/virtualenvs/kebede-bot-4wRYckUS-py3.12/lib/python3.12/site-packages/telegram/ext/_extbot.py", line 355, in _do_post
    return await super()._do_post(
           ^^^^^^^^^^^^^^^^^^^^^^^
  File "/home/jabez/.cache/pypoetry/virtualenvs/kebede-bot-4wRYckUS-py3.12/lib/python3.12/site-packages/telegram/_bot.py", line 652, in _do_post
    result = await request.post(
             ^^^^^^^^^^^^^^^^^^^
  File "/home/jabez/.cache/pypoetry/virtualenvs/kebede-bot-4wRYckUS-py3.12/lib/python3.12/site-packages/telegram/request/_baserequest.py", line 201, in post
    result = await self._request_wrapper(
             ^^^^^^^^^^^^^^^^^^^^^^^^^^^^
  File "/home/jabez/.cache/pypoetry/virtualenvs/kebede-bot-4wRYckUS-py3.12/lib/python3.12/site-packages/telegram/request/_baserequest.py", line 333, in _request_wrapper
    code, payload = await self.do_request(
                    ^^^^^^^^^^^^^^^^^^^^^^
  File "/home/jabez/.cache/pypoetry/virtualenvs/kebede-bot-4wRYckUS-py3.12/lib/python3.12/site-packages/telegram/request/_httpxrequest.py", line 316, in do_request
    raise NetworkError(f"httpx.{err.__class__.__name__}: {err}") from err
telegram.error.NetworkError: httpx.ConnectError: [Errno -3] Temporary failure in name resolution
2024-11-07 22:13:25,314 - No error handlers are registered, logging exception.
Traceback (most recent call last):
  File "/home/jabez/.cache/pypoetry/virtualenvs/kebede-bot-4wRYckUS-py3.12/lib/python3.12/site-packages/httpx/_transports/default.py", line 72, in map_httpcore_exceptions
    yield
  File "/home/jabez/.cache/pypoetry/virtualenvs/kebede-bot-4wRYckUS-py3.12/lib/python3.12/site-packages/httpx/_transports/default.py", line 377, in handle_async_request
    resp = await self._pool.handle_async_request(req)
           ^^^^^^^^^^^^^^^^^^^^^^^^^^^^^^^^^^^^^^^^^^
  File "/home/jabez/.cache/pypoetry/virtualenvs/kebede-bot-4wRYckUS-py3.12/lib/python3.12/site-packages/httpcore/_async/connection_pool.py", line 216, in handle_async_request
    raise exc from None
  File "/home/jabez/.cache/pypoetry/virtualenvs/kebede-bot-4wRYckUS-py3.12/lib/python3.12/site-packages/httpcore/_async/connection_pool.py", line 196, in handle_async_request
    response = await connection.handle_async_request(
               ^^^^^^^^^^^^^^^^^^^^^^^^^^^^^^^^^^^^^^
  File "/home/jabez/.cache/pypoetry/virtualenvs/kebede-bot-4wRYckUS-py3.12/lib/python3.12/site-packages/httpcore/_async/connection.py", line 99, in handle_async_request
    raise exc
  File "/home/jabez/.cache/pypoetry/virtualenvs/kebede-bot-4wRYckUS-py3.12/lib/python3.12/site-packages/httpcore/_async/connection.py", line 76, in handle_async_request
    stream = await self._connect(request)
             ^^^^^^^^^^^^^^^^^^^^^^^^^^^^
  File "/home/jabez/.cache/pypoetry/virtualenvs/kebede-bot-4wRYckUS-py3.12/lib/python3.12/site-packages/httpcore/_async/connection.py", line 122, in _connect
    stream = await self._network_backend.connect_tcp(**kwargs)
             ^^^^^^^^^^^^^^^^^^^^^^^^^^^^^^^^^^^^^^^^^^^^^^^^^
  File "/home/jabez/.cache/pypoetry/virtualenvs/kebede-bot-4wRYckUS-py3.12/lib/python3.12/site-packages/httpcore/_backends/auto.py", line 30, in connect_tcp
    return await self._backend.connect_tcp(
           ^^^^^^^^^^^^^^^^^^^^^^^^^^^^^^^^
  File "/home/jabez/.cache/pypoetry/virtualenvs/kebede-bot-4wRYckUS-py3.12/lib/python3.12/site-packages/httpcore/_backends/anyio.py", line 115, in connect_tcp
    with map_exceptions(exc_map):
  File "/usr/lib/python3.12/contextlib.py", line 158, in __exit__
    self.gen.throw(value)
  File "/home/jabez/.cache/pypoetry/virtualenvs/kebede-bot-4wRYckUS-py3.12/lib/python3.12/site-packages/httpcore/_exceptions.py", line 14, in map_exceptions
    raise to_exc(exc) from exc
httpcore.ConnectError: [Errno -3] Temporary failure in name resolution

The above exception was the direct cause of the following exception:

Traceback (most recent call last):
  File "/home/jabez/.cache/pypoetry/virtualenvs/kebede-bot-4wRYckUS-py3.12/lib/python3.12/site-packages/telegram/request/_httpxrequest.py", line 292, in do_request
    res = await self._client.request(
          ^^^^^^^^^^^^^^^^^^^^^^^^^^^
  File "/home/jabez/.cache/pypoetry/virtualenvs/kebede-bot-4wRYckUS-py3.12/lib/python3.12/site-packages/httpx/_client.py", line 1585, in request
    return await self.send(request, auth=auth, follow_redirects=follow_redirects)
           ^^^^^^^^^^^^^^^^^^^^^^^^^^^^^^^^^^^^^^^^^^^^^^^^^^^^^^^^^^^^^^^^^^^^^^
  File "/home/jabez/.cache/pypoetry/virtualenvs/kebede-bot-4wRYckUS-py3.12/lib/python3.12/site-packages/httpx/_client.py", line 1674, in send
    response = await self._send_handling_auth(
               ^^^^^^^^^^^^^^^^^^^^^^^^^^^^^^^
  File "/home/jabez/.cache/pypoetry/virtualenvs/kebede-bot-4wRYckUS-py3.12/lib/python3.12/site-packages/httpx/_client.py", line 1702, in _send_handling_auth
    response = await self._send_handling_redirects(
               ^^^^^^^^^^^^^^^^^^^^^^^^^^^^^^^^^^^^
  File "/home/jabez/.cache/pypoetry/virtualenvs/kebede-bot-4wRYckUS-py3.12/lib/python3.12/site-packages/httpx/_client.py", line 1739, in _send_handling_redirects
    response = await self._send_single_request(request)
               ^^^^^^^^^^^^^^^^^^^^^^^^^^^^^^^^^^^^^^^^
  File "/home/jabez/.cache/pypoetry/virtualenvs/kebede-bot-4wRYckUS-py3.12/lib/python3.12/site-packages/httpx/_client.py", line 1776, in _send_single_request
    response = await transport.handle_async_request(request)
               ^^^^^^^^^^^^^^^^^^^^^^^^^^^^^^^^^^^^^^^^^^^^^
  File "/home/jabez/.cache/pypoetry/virtualenvs/kebede-bot-4wRYckUS-py3.12/lib/python3.12/site-packages/httpx/_transports/default.py", line 376, in handle_async_request
    with map_httpcore_exceptions():
  File "/usr/lib/python3.12/contextlib.py", line 158, in __exit__
    self.gen.throw(value)
  File "/home/jabez/.cache/pypoetry/virtualenvs/kebede-bot-4wRYckUS-py3.12/lib/python3.12/site-packages/httpx/_transports/default.py", line 89, in map_httpcore_exceptions
    raise mapped_exc(message) from exc
httpx.ConnectError: [Errno -3] Temporary failure in name resolution

The above exception was the direct cause of the following exception:

Traceback (most recent call last):
  File "/home/jabez/.cache/pypoetry/virtualenvs/kebede-bot-4wRYckUS-py3.12/lib/python3.12/site-packages/telegram/ext/_updater.py", line 753, in _network_loop_retry
    if not await do_action():
           ^^^^^^^^^^^^^^^^^
  File "/home/jabez/.cache/pypoetry/virtualenvs/kebede-bot-4wRYckUS-py3.12/lib/python3.12/site-packages/telegram/ext/_updater.py", line 747, in do_action
    return action_cb_task.result()
           ^^^^^^^^^^^^^^^^^^^^^^^
  File "/home/jabez/.cache/pypoetry/virtualenvs/kebede-bot-4wRYckUS-py3.12/lib/python3.12/site-packages/telegram/ext/_updater.py", line 377, in polling_action_cb
    updates = await self.bot.get_updates(
              ^^^^^^^^^^^^^^^^^^^^^^^^^^^
  File "/home/jabez/.cache/pypoetry/virtualenvs/kebede-bot-4wRYckUS-py3.12/lib/python3.12/site-packages/telegram/ext/_extbot.py", line 649, in get_updates
    updates = await super().get_updates(
              ^^^^^^^^^^^^^^^^^^^^^^^^^^
  File "/home/jabez/.cache/pypoetry/virtualenvs/kebede-bot-4wRYckUS-py3.12/lib/python3.12/site-packages/telegram/_bot.py", line 4366, in get_updates
    await self._post(
  File "/home/jabez/.cache/pypoetry/virtualenvs/kebede-bot-4wRYckUS-py3.12/lib/python3.12/site-packages/telegram/_bot.py", line 623, in _post
    return await self._do_post(
           ^^^^^^^^^^^^^^^^^^^^
  File "/home/jabez/.cache/pypoetry/virtualenvs/kebede-bot-4wRYckUS-py3.12/lib/python3.12/site-packages/telegram/ext/_extbot.py", line 355, in _do_post
    return await super()._do_post(
           ^^^^^^^^^^^^^^^^^^^^^^^
  File "/home/jabez/.cache/pypoetry/virtualenvs/kebede-bot-4wRYckUS-py3.12/lib/python3.12/site-packages/telegram/_bot.py", line 652, in _do_post
    result = await request.post(
             ^^^^^^^^^^^^^^^^^^^
  File "/home/jabez/.cache/pypoetry/virtualenvs/kebede-bot-4wRYckUS-py3.12/lib/python3.12/site-packages/telegram/request/_baserequest.py", line 201, in post
    result = await self._request_wrapper(
             ^^^^^^^^^^^^^^^^^^^^^^^^^^^^
  File "/home/jabez/.cache/pypoetry/virtualenvs/kebede-bot-4wRYckUS-py3.12/lib/python3.12/site-packages/telegram/request/_baserequest.py", line 333, in _request_wrapper
    code, payload = await self.do_request(
                    ^^^^^^^^^^^^^^^^^^^^^^
  File "/home/jabez/.cache/pypoetry/virtualenvs/kebede-bot-4wRYckUS-py3.12/lib/python3.12/site-packages/telegram/request/_httpxrequest.py", line 316, in do_request
    raise NetworkError(f"httpx.{err.__class__.__name__}: {err}") from err
telegram.error.NetworkError: httpx.ConnectError: [Errno -3] Temporary failure in name resolution
2024-11-07 22:13:50,998 - No error handlers are registered, logging exception.
Traceback (most recent call last):
  File "/home/jabez/.cache/pypoetry/virtualenvs/kebede-bot-4wRYckUS-py3.12/lib/python3.12/site-packages/httpx/_transports/default.py", line 72, in map_httpcore_exceptions
    yield
  File "/home/jabez/.cache/pypoetry/virtualenvs/kebede-bot-4wRYckUS-py3.12/lib/python3.12/site-packages/httpx/_transports/default.py", line 377, in handle_async_request
    resp = await self._pool.handle_async_request(req)
           ^^^^^^^^^^^^^^^^^^^^^^^^^^^^^^^^^^^^^^^^^^
  File "/home/jabez/.cache/pypoetry/virtualenvs/kebede-bot-4wRYckUS-py3.12/lib/python3.12/site-packages/httpcore/_async/connection_pool.py", line 216, in handle_async_request
    raise exc from None
  File "/home/jabez/.cache/pypoetry/virtualenvs/kebede-bot-4wRYckUS-py3.12/lib/python3.12/site-packages/httpcore/_async/connection_pool.py", line 196, in handle_async_request
    response = await connection.handle_async_request(
               ^^^^^^^^^^^^^^^^^^^^^^^^^^^^^^^^^^^^^^
  File "/home/jabez/.cache/pypoetry/virtualenvs/kebede-bot-4wRYckUS-py3.12/lib/python3.12/site-packages/httpcore/_async/connection.py", line 99, in handle_async_request
    raise exc
  File "/home/jabez/.cache/pypoetry/virtualenvs/kebede-bot-4wRYckUS-py3.12/lib/python3.12/site-packages/httpcore/_async/connection.py", line 76, in handle_async_request
    stream = await self._connect(request)
             ^^^^^^^^^^^^^^^^^^^^^^^^^^^^
  File "/home/jabez/.cache/pypoetry/virtualenvs/kebede-bot-4wRYckUS-py3.12/lib/python3.12/site-packages/httpcore/_async/connection.py", line 122, in _connect
    stream = await self._network_backend.connect_tcp(**kwargs)
             ^^^^^^^^^^^^^^^^^^^^^^^^^^^^^^^^^^^^^^^^^^^^^^^^^
  File "/home/jabez/.cache/pypoetry/virtualenvs/kebede-bot-4wRYckUS-py3.12/lib/python3.12/site-packages/httpcore/_backends/auto.py", line 30, in connect_tcp
    return await self._backend.connect_tcp(
           ^^^^^^^^^^^^^^^^^^^^^^^^^^^^^^^^
  File "/home/jabez/.cache/pypoetry/virtualenvs/kebede-bot-4wRYckUS-py3.12/lib/python3.12/site-packages/httpcore/_backends/anyio.py", line 115, in connect_tcp
    with map_exceptions(exc_map):
  File "/usr/lib/python3.12/contextlib.py", line 158, in __exit__
    self.gen.throw(value)
  File "/home/jabez/.cache/pypoetry/virtualenvs/kebede-bot-4wRYckUS-py3.12/lib/python3.12/site-packages/httpcore/_exceptions.py", line 14, in map_exceptions
    raise to_exc(exc) from exc
httpcore.ConnectError: [Errno -3] Temporary failure in name resolution

The above exception was the direct cause of the following exception:

Traceback (most recent call last):
  File "/home/jabez/.cache/pypoetry/virtualenvs/kebede-bot-4wRYckUS-py3.12/lib/python3.12/site-packages/telegram/request/_httpxrequest.py", line 292, in do_request
    res = await self._client.request(
          ^^^^^^^^^^^^^^^^^^^^^^^^^^^
  File "/home/jabez/.cache/pypoetry/virtualenvs/kebede-bot-4wRYckUS-py3.12/lib/python3.12/site-packages/httpx/_client.py", line 1585, in request
    return await self.send(request, auth=auth, follow_redirects=follow_redirects)
           ^^^^^^^^^^^^^^^^^^^^^^^^^^^^^^^^^^^^^^^^^^^^^^^^^^^^^^^^^^^^^^^^^^^^^^
  File "/home/jabez/.cache/pypoetry/virtualenvs/kebede-bot-4wRYckUS-py3.12/lib/python3.12/site-packages/httpx/_client.py", line 1674, in send
    response = await self._send_handling_auth(
               ^^^^^^^^^^^^^^^^^^^^^^^^^^^^^^^
  File "/home/jabez/.cache/pypoetry/virtualenvs/kebede-bot-4wRYckUS-py3.12/lib/python3.12/site-packages/httpx/_client.py", line 1702, in _send_handling_auth
    response = await self._send_handling_redirects(
               ^^^^^^^^^^^^^^^^^^^^^^^^^^^^^^^^^^^^
  File "/home/jabez/.cache/pypoetry/virtualenvs/kebede-bot-4wRYckUS-py3.12/lib/python3.12/site-packages/httpx/_client.py", line 1739, in _send_handling_redirects
    response = await self._send_single_request(request)
               ^^^^^^^^^^^^^^^^^^^^^^^^^^^^^^^^^^^^^^^^
  File "/home/jabez/.cache/pypoetry/virtualenvs/kebede-bot-4wRYckUS-py3.12/lib/python3.12/site-packages/httpx/_client.py", line 1776, in _send_single_request
    response = await transport.handle_async_request(request)
               ^^^^^^^^^^^^^^^^^^^^^^^^^^^^^^^^^^^^^^^^^^^^^
  File "/home/jabez/.cache/pypoetry/virtualenvs/kebede-bot-4wRYckUS-py3.12/lib/python3.12/site-packages/httpx/_transports/default.py", line 376, in handle_async_request
    with map_httpcore_exceptions():
  File "/usr/lib/python3.12/contextlib.py", line 158, in __exit__
    self.gen.throw(value)
  File "/home/jabez/.cache/pypoetry/virtualenvs/kebede-bot-4wRYckUS-py3.12/lib/python3.12/site-packages/httpx/_transports/default.py", line 89, in map_httpcore_exceptions
    raise mapped_exc(message) from exc
httpx.ConnectError: [Errno -3] Temporary failure in name resolution

The above exception was the direct cause of the following exception:

Traceback (most recent call last):
  File "/home/jabez/.cache/pypoetry/virtualenvs/kebede-bot-4wRYckUS-py3.12/lib/python3.12/site-packages/telegram/ext/_updater.py", line 753, in _network_loop_retry
    if not await do_action():
           ^^^^^^^^^^^^^^^^^
  File "/home/jabez/.cache/pypoetry/virtualenvs/kebede-bot-4wRYckUS-py3.12/lib/python3.12/site-packages/telegram/ext/_updater.py", line 747, in do_action
    return action_cb_task.result()
           ^^^^^^^^^^^^^^^^^^^^^^^
  File "/home/jabez/.cache/pypoetry/virtualenvs/kebede-bot-4wRYckUS-py3.12/lib/python3.12/site-packages/telegram/ext/_updater.py", line 377, in polling_action_cb
    updates = await self.bot.get_updates(
              ^^^^^^^^^^^^^^^^^^^^^^^^^^^
  File "/home/jabez/.cache/pypoetry/virtualenvs/kebede-bot-4wRYckUS-py3.12/lib/python3.12/site-packages/telegram/ext/_extbot.py", line 649, in get_updates
    updates = await super().get_updates(
              ^^^^^^^^^^^^^^^^^^^^^^^^^^
  File "/home/jabez/.cache/pypoetry/virtualenvs/kebede-bot-4wRYckUS-py3.12/lib/python3.12/site-packages/telegram/_bot.py", line 4366, in get_updates
    await self._post(
  File "/home/jabez/.cache/pypoetry/virtualenvs/kebede-bot-4wRYckUS-py3.12/lib/python3.12/site-packages/telegram/_bot.py", line 623, in _post
    return await self._do_post(
           ^^^^^^^^^^^^^^^^^^^^
  File "/home/jabez/.cache/pypoetry/virtualenvs/kebede-bot-4wRYckUS-py3.12/lib/python3.12/site-packages/telegram/ext/_extbot.py", line 355, in _do_post
    return await super()._do_post(
           ^^^^^^^^^^^^^^^^^^^^^^^
  File "/home/jabez/.cache/pypoetry/virtualenvs/kebede-bot-4wRYckUS-py3.12/lib/python3.12/site-packages/telegram/_bot.py", line 652, in _do_post
    result = await request.post(
             ^^^^^^^^^^^^^^^^^^^
  File "/home/jabez/.cache/pypoetry/virtualenvs/kebede-bot-4wRYckUS-py3.12/lib/python3.12/site-packages/telegram/request/_baserequest.py", line 201, in post
    result = await self._request_wrapper(
             ^^^^^^^^^^^^^^^^^^^^^^^^^^^^
  File "/home/jabez/.cache/pypoetry/virtualenvs/kebede-bot-4wRYckUS-py3.12/lib/python3.12/site-packages/telegram/request/_baserequest.py", line 333, in _request_wrapper
    code, payload = await self.do_request(
                    ^^^^^^^^^^^^^^^^^^^^^^
  File "/home/jabez/.cache/pypoetry/virtualenvs/kebede-bot-4wRYckUS-py3.12/lib/python3.12/site-packages/telegram/request/_httpxrequest.py", line 316, in do_request
    raise NetworkError(f"httpx.{err.__class__.__name__}: {err}") from err
telegram.error.NetworkError: httpx.ConnectError: [Errno -3] Temporary failure in name resolution
2024-11-07 22:14:22,647 - No error handlers are registered, logging exception.
Traceback (most recent call last):
  File "/home/jabez/.cache/pypoetry/virtualenvs/kebede-bot-4wRYckUS-py3.12/lib/python3.12/site-packages/httpx/_transports/default.py", line 72, in map_httpcore_exceptions
    yield
  File "/home/jabez/.cache/pypoetry/virtualenvs/kebede-bot-4wRYckUS-py3.12/lib/python3.12/site-packages/httpx/_transports/default.py", line 377, in handle_async_request
    resp = await self._pool.handle_async_request(req)
           ^^^^^^^^^^^^^^^^^^^^^^^^^^^^^^^^^^^^^^^^^^
  File "/home/jabez/.cache/pypoetry/virtualenvs/kebede-bot-4wRYckUS-py3.12/lib/python3.12/site-packages/httpcore/_async/connection_pool.py", line 216, in handle_async_request
    raise exc from None
  File "/home/jabez/.cache/pypoetry/virtualenvs/kebede-bot-4wRYckUS-py3.12/lib/python3.12/site-packages/httpcore/_async/connection_pool.py", line 196, in handle_async_request
    response = await connection.handle_async_request(
               ^^^^^^^^^^^^^^^^^^^^^^^^^^^^^^^^^^^^^^
  File "/home/jabez/.cache/pypoetry/virtualenvs/kebede-bot-4wRYckUS-py3.12/lib/python3.12/site-packages/httpcore/_async/connection.py", line 99, in handle_async_request
    raise exc
  File "/home/jabez/.cache/pypoetry/virtualenvs/kebede-bot-4wRYckUS-py3.12/lib/python3.12/site-packages/httpcore/_async/connection.py", line 76, in handle_async_request
    stream = await self._connect(request)
             ^^^^^^^^^^^^^^^^^^^^^^^^^^^^
  File "/home/jabez/.cache/pypoetry/virtualenvs/kebede-bot-4wRYckUS-py3.12/lib/python3.12/site-packages/httpcore/_async/connection.py", line 122, in _connect
    stream = await self._network_backend.connect_tcp(**kwargs)
             ^^^^^^^^^^^^^^^^^^^^^^^^^^^^^^^^^^^^^^^^^^^^^^^^^
  File "/home/jabez/.cache/pypoetry/virtualenvs/kebede-bot-4wRYckUS-py3.12/lib/python3.12/site-packages/httpcore/_backends/auto.py", line 30, in connect_tcp
    return await self._backend.connect_tcp(
           ^^^^^^^^^^^^^^^^^^^^^^^^^^^^^^^^
  File "/home/jabez/.cache/pypoetry/virtualenvs/kebede-bot-4wRYckUS-py3.12/lib/python3.12/site-packages/httpcore/_backends/anyio.py", line 115, in connect_tcp
    with map_exceptions(exc_map):
  File "/usr/lib/python3.12/contextlib.py", line 158, in __exit__
    self.gen.throw(value)
  File "/home/jabez/.cache/pypoetry/virtualenvs/kebede-bot-4wRYckUS-py3.12/lib/python3.12/site-packages/httpcore/_exceptions.py", line 14, in map_exceptions
    raise to_exc(exc) from exc
httpcore.ConnectError: [Errno -3] Temporary failure in name resolution

The above exception was the direct cause of the following exception:

Traceback (most recent call last):
  File "/home/jabez/.cache/pypoetry/virtualenvs/kebede-bot-4wRYckUS-py3.12/lib/python3.12/site-packages/telegram/request/_httpxrequest.py", line 292, in do_request
    res = await self._client.request(
          ^^^^^^^^^^^^^^^^^^^^^^^^^^^
  File "/home/jabez/.cache/pypoetry/virtualenvs/kebede-bot-4wRYckUS-py3.12/lib/python3.12/site-packages/httpx/_client.py", line 1585, in request
    return await self.send(request, auth=auth, follow_redirects=follow_redirects)
           ^^^^^^^^^^^^^^^^^^^^^^^^^^^^^^^^^^^^^^^^^^^^^^^^^^^^^^^^^^^^^^^^^^^^^^
  File "/home/jabez/.cache/pypoetry/virtualenvs/kebede-bot-4wRYckUS-py3.12/lib/python3.12/site-packages/httpx/_client.py", line 1674, in send
    response = await self._send_handling_auth(
               ^^^^^^^^^^^^^^^^^^^^^^^^^^^^^^^
  File "/home/jabez/.cache/pypoetry/virtualenvs/kebede-bot-4wRYckUS-py3.12/lib/python3.12/site-packages/httpx/_client.py", line 1702, in _send_handling_auth
    response = await self._send_handling_redirects(
               ^^^^^^^^^^^^^^^^^^^^^^^^^^^^^^^^^^^^
  File "/home/jabez/.cache/pypoetry/virtualenvs/kebede-bot-4wRYckUS-py3.12/lib/python3.12/site-packages/httpx/_client.py", line 1739, in _send_handling_redirects
    response = await self._send_single_request(request)
               ^^^^^^^^^^^^^^^^^^^^^^^^^^^^^^^^^^^^^^^^
  File "/home/jabez/.cache/pypoetry/virtualenvs/kebede-bot-4wRYckUS-py3.12/lib/python3.12/site-packages/httpx/_client.py", line 1776, in _send_single_request
    response = await transport.handle_async_request(request)
               ^^^^^^^^^^^^^^^^^^^^^^^^^^^^^^^^^^^^^^^^^^^^^
  File "/home/jabez/.cache/pypoetry/virtualenvs/kebede-bot-4wRYckUS-py3.12/lib/python3.12/site-packages/httpx/_transports/default.py", line 376, in handle_async_request
    with map_httpcore_exceptions():
  File "/usr/lib/python3.12/contextlib.py", line 158, in __exit__
    self.gen.throw(value)
  File "/home/jabez/.cache/pypoetry/virtualenvs/kebede-bot-4wRYckUS-py3.12/lib/python3.12/site-packages/httpx/_transports/default.py", line 89, in map_httpcore_exceptions
    raise mapped_exc(message) from exc
httpx.ConnectError: [Errno -3] Temporary failure in name resolution

The above exception was the direct cause of the following exception:

Traceback (most recent call last):
  File "/home/jabez/.cache/pypoetry/virtualenvs/kebede-bot-4wRYckUS-py3.12/lib/python3.12/site-packages/telegram/ext/_updater.py", line 753, in _network_loop_retry
    if not await do_action():
           ^^^^^^^^^^^^^^^^^
  File "/home/jabez/.cache/pypoetry/virtualenvs/kebede-bot-4wRYckUS-py3.12/lib/python3.12/site-packages/telegram/ext/_updater.py", line 747, in do_action
    return action_cb_task.result()
           ^^^^^^^^^^^^^^^^^^^^^^^
  File "/home/jabez/.cache/pypoetry/virtualenvs/kebede-bot-4wRYckUS-py3.12/lib/python3.12/site-packages/telegram/ext/_updater.py", line 377, in polling_action_cb
    updates = await self.bot.get_updates(
              ^^^^^^^^^^^^^^^^^^^^^^^^^^^
  File "/home/jabez/.cache/pypoetry/virtualenvs/kebede-bot-4wRYckUS-py3.12/lib/python3.12/site-packages/telegram/ext/_extbot.py", line 649, in get_updates
    updates = await super().get_updates(
              ^^^^^^^^^^^^^^^^^^^^^^^^^^
  File "/home/jabez/.cache/pypoetry/virtualenvs/kebede-bot-4wRYckUS-py3.12/lib/python3.12/site-packages/telegram/_bot.py", line 4366, in get_updates
    await self._post(
  File "/home/jabez/.cache/pypoetry/virtualenvs/kebede-bot-4wRYckUS-py3.12/lib/python3.12/site-packages/telegram/_bot.py", line 623, in _post
    return await self._do_post(
           ^^^^^^^^^^^^^^^^^^^^
  File "/home/jabez/.cache/pypoetry/virtualenvs/kebede-bot-4wRYckUS-py3.12/lib/python3.12/site-packages/telegram/ext/_extbot.py", line 355, in _do_post
    return await super()._do_post(
           ^^^^^^^^^^^^^^^^^^^^^^^
  File "/home/jabez/.cache/pypoetry/virtualenvs/kebede-bot-4wRYckUS-py3.12/lib/python3.12/site-packages/telegram/_bot.py", line 652, in _do_post
    result = await request.post(
             ^^^^^^^^^^^^^^^^^^^
  File "/home/jabez/.cache/pypoetry/virtualenvs/kebede-bot-4wRYckUS-py3.12/lib/python3.12/site-packages/telegram/request/_baserequest.py", line 201, in post
    result = await self._request_wrapper(
             ^^^^^^^^^^^^^^^^^^^^^^^^^^^^
  File "/home/jabez/.cache/pypoetry/virtualenvs/kebede-bot-4wRYckUS-py3.12/lib/python3.12/site-packages/telegram/request/_baserequest.py", line 333, in _request_wrapper
    code, payload = await self.do_request(
                    ^^^^^^^^^^^^^^^^^^^^^^
  File "/home/jabez/.cache/pypoetry/virtualenvs/kebede-bot-4wRYckUS-py3.12/lib/python3.12/site-packages/telegram/request/_httpxrequest.py", line 316, in do_request
    raise NetworkError(f"httpx.{err.__class__.__name__}: {err}") from err
telegram.error.NetworkError: httpx.ConnectError: [Errno -3] Temporary failure in name resolution
2024-11-07 22:14:52,680 - No error handlers are registered, logging exception.
Traceback (most recent call last):
  File "/home/jabez/.cache/pypoetry/virtualenvs/kebede-bot-4wRYckUS-py3.12/lib/python3.12/site-packages/httpx/_transports/default.py", line 72, in map_httpcore_exceptions
    yield
  File "/home/jabez/.cache/pypoetry/virtualenvs/kebede-bot-4wRYckUS-py3.12/lib/python3.12/site-packages/httpx/_transports/default.py", line 377, in handle_async_request
    resp = await self._pool.handle_async_request(req)
           ^^^^^^^^^^^^^^^^^^^^^^^^^^^^^^^^^^^^^^^^^^
  File "/home/jabez/.cache/pypoetry/virtualenvs/kebede-bot-4wRYckUS-py3.12/lib/python3.12/site-packages/httpcore/_async/connection_pool.py", line 216, in handle_async_request
    raise exc from None
  File "/home/jabez/.cache/pypoetry/virtualenvs/kebede-bot-4wRYckUS-py3.12/lib/python3.12/site-packages/httpcore/_async/connection_pool.py", line 196, in handle_async_request
    response = await connection.handle_async_request(
               ^^^^^^^^^^^^^^^^^^^^^^^^^^^^^^^^^^^^^^
  File "/home/jabez/.cache/pypoetry/virtualenvs/kebede-bot-4wRYckUS-py3.12/lib/python3.12/site-packages/httpcore/_async/connection.py", line 99, in handle_async_request
    raise exc
  File "/home/jabez/.cache/pypoetry/virtualenvs/kebede-bot-4wRYckUS-py3.12/lib/python3.12/site-packages/httpcore/_async/connection.py", line 76, in handle_async_request
    stream = await self._connect(request)
             ^^^^^^^^^^^^^^^^^^^^^^^^^^^^
  File "/home/jabez/.cache/pypoetry/virtualenvs/kebede-bot-4wRYckUS-py3.12/lib/python3.12/site-packages/httpcore/_async/connection.py", line 122, in _connect
    stream = await self._network_backend.connect_tcp(**kwargs)
             ^^^^^^^^^^^^^^^^^^^^^^^^^^^^^^^^^^^^^^^^^^^^^^^^^
  File "/home/jabez/.cache/pypoetry/virtualenvs/kebede-bot-4wRYckUS-py3.12/lib/python3.12/site-packages/httpcore/_backends/auto.py", line 30, in connect_tcp
    return await self._backend.connect_tcp(
           ^^^^^^^^^^^^^^^^^^^^^^^^^^^^^^^^
  File "/home/jabez/.cache/pypoetry/virtualenvs/kebede-bot-4wRYckUS-py3.12/lib/python3.12/site-packages/httpcore/_backends/anyio.py", line 115, in connect_tcp
    with map_exceptions(exc_map):
  File "/usr/lib/python3.12/contextlib.py", line 158, in __exit__
    self.gen.throw(value)
  File "/home/jabez/.cache/pypoetry/virtualenvs/kebede-bot-4wRYckUS-py3.12/lib/python3.12/site-packages/httpcore/_exceptions.py", line 14, in map_exceptions
    raise to_exc(exc) from exc
httpcore.ConnectError: [Errno -3] Temporary failure in name resolution

The above exception was the direct cause of the following exception:

Traceback (most recent call last):
  File "/home/jabez/.cache/pypoetry/virtualenvs/kebede-bot-4wRYckUS-py3.12/lib/python3.12/site-packages/telegram/request/_httpxrequest.py", line 292, in do_request
    res = await self._client.request(
          ^^^^^^^^^^^^^^^^^^^^^^^^^^^
  File "/home/jabez/.cache/pypoetry/virtualenvs/kebede-bot-4wRYckUS-py3.12/lib/python3.12/site-packages/httpx/_client.py", line 1585, in request
    return await self.send(request, auth=auth, follow_redirects=follow_redirects)
           ^^^^^^^^^^^^^^^^^^^^^^^^^^^^^^^^^^^^^^^^^^^^^^^^^^^^^^^^^^^^^^^^^^^^^^
  File "/home/jabez/.cache/pypoetry/virtualenvs/kebede-bot-4wRYckUS-py3.12/lib/python3.12/site-packages/httpx/_client.py", line 1674, in send
    response = await self._send_handling_auth(
               ^^^^^^^^^^^^^^^^^^^^^^^^^^^^^^^
  File "/home/jabez/.cache/pypoetry/virtualenvs/kebede-bot-4wRYckUS-py3.12/lib/python3.12/site-packages/httpx/_client.py", line 1702, in _send_handling_auth
    response = await self._send_handling_redirects(
               ^^^^^^^^^^^^^^^^^^^^^^^^^^^^^^^^^^^^
  File "/home/jabez/.cache/pypoetry/virtualenvs/kebede-bot-4wRYckUS-py3.12/lib/python3.12/site-packages/httpx/_client.py", line 1739, in _send_handling_redirects
    response = await self._send_single_request(request)
               ^^^^^^^^^^^^^^^^^^^^^^^^^^^^^^^^^^^^^^^^
  File "/home/jabez/.cache/pypoetry/virtualenvs/kebede-bot-4wRYckUS-py3.12/lib/python3.12/site-packages/httpx/_client.py", line 1776, in _send_single_request
    response = await transport.handle_async_request(request)
               ^^^^^^^^^^^^^^^^^^^^^^^^^^^^^^^^^^^^^^^^^^^^^
  File "/home/jabez/.cache/pypoetry/virtualenvs/kebede-bot-4wRYckUS-py3.12/lib/python3.12/site-packages/httpx/_transports/default.py", line 376, in handle_async_request
    with map_httpcore_exceptions():
  File "/usr/lib/python3.12/contextlib.py", line 158, in __exit__
    self.gen.throw(value)
  File "/home/jabez/.cache/pypoetry/virtualenvs/kebede-bot-4wRYckUS-py3.12/lib/python3.12/site-packages/httpx/_transports/default.py", line 89, in map_httpcore_exceptions
    raise mapped_exc(message) from exc
httpx.ConnectError: [Errno -3] Temporary failure in name resolution

The above exception was the direct cause of the following exception:

Traceback (most recent call last):
  File "/home/jabez/.cache/pypoetry/virtualenvs/kebede-bot-4wRYckUS-py3.12/lib/python3.12/site-packages/telegram/ext/_updater.py", line 753, in _network_loop_retry
    if not await do_action():
           ^^^^^^^^^^^^^^^^^
  File "/home/jabez/.cache/pypoetry/virtualenvs/kebede-bot-4wRYckUS-py3.12/lib/python3.12/site-packages/telegram/ext/_updater.py", line 747, in do_action
    return action_cb_task.result()
           ^^^^^^^^^^^^^^^^^^^^^^^
  File "/home/jabez/.cache/pypoetry/virtualenvs/kebede-bot-4wRYckUS-py3.12/lib/python3.12/site-packages/telegram/ext/_updater.py", line 377, in polling_action_cb
    updates = await self.bot.get_updates(
              ^^^^^^^^^^^^^^^^^^^^^^^^^^^
  File "/home/jabez/.cache/pypoetry/virtualenvs/kebede-bot-4wRYckUS-py3.12/lib/python3.12/site-packages/telegram/ext/_extbot.py", line 649, in get_updates
    updates = await super().get_updates(
              ^^^^^^^^^^^^^^^^^^^^^^^^^^
  File "/home/jabez/.cache/pypoetry/virtualenvs/kebede-bot-4wRYckUS-py3.12/lib/python3.12/site-packages/telegram/_bot.py", line 4366, in get_updates
    await self._post(
  File "/home/jabez/.cache/pypoetry/virtualenvs/kebede-bot-4wRYckUS-py3.12/lib/python3.12/site-packages/telegram/_bot.py", line 623, in _post
    return await self._do_post(
           ^^^^^^^^^^^^^^^^^^^^
  File "/home/jabez/.cache/pypoetry/virtualenvs/kebede-bot-4wRYckUS-py3.12/lib/python3.12/site-packages/telegram/ext/_extbot.py", line 355, in _do_post
    return await super()._do_post(
           ^^^^^^^^^^^^^^^^^^^^^^^
  File "/home/jabez/.cache/pypoetry/virtualenvs/kebede-bot-4wRYckUS-py3.12/lib/python3.12/site-packages/telegram/_bot.py", line 652, in _do_post
    result = await request.post(
             ^^^^^^^^^^^^^^^^^^^
  File "/home/jabez/.cache/pypoetry/virtualenvs/kebede-bot-4wRYckUS-py3.12/lib/python3.12/site-packages/telegram/request/_baserequest.py", line 201, in post
    result = await self._request_wrapper(
             ^^^^^^^^^^^^^^^^^^^^^^^^^^^^
  File "/home/jabez/.cache/pypoetry/virtualenvs/kebede-bot-4wRYckUS-py3.12/lib/python3.12/site-packages/telegram/request/_baserequest.py", line 333, in _request_wrapper
    code, payload = await self.do_request(
                    ^^^^^^^^^^^^^^^^^^^^^^
  File "/home/jabez/.cache/pypoetry/virtualenvs/kebede-bot-4wRYckUS-py3.12/lib/python3.12/site-packages/telegram/request/_httpxrequest.py", line 316, in do_request
    raise NetworkError(f"httpx.{err.__class__.__name__}: {err}") from err
telegram.error.NetworkError: httpx.ConnectError: [Errno -3] Temporary failure in name resolution
2024-11-07 22:15:28,012 - No error handlers are registered, logging exception.
Traceback (most recent call last):
  File "/home/jabez/.cache/pypoetry/virtualenvs/kebede-bot-4wRYckUS-py3.12/lib/python3.12/site-packages/httpx/_transports/default.py", line 72, in map_httpcore_exceptions
    yield
  File "/home/jabez/.cache/pypoetry/virtualenvs/kebede-bot-4wRYckUS-py3.12/lib/python3.12/site-packages/httpx/_transports/default.py", line 377, in handle_async_request
    resp = await self._pool.handle_async_request(req)
           ^^^^^^^^^^^^^^^^^^^^^^^^^^^^^^^^^^^^^^^^^^
  File "/home/jabez/.cache/pypoetry/virtualenvs/kebede-bot-4wRYckUS-py3.12/lib/python3.12/site-packages/httpcore/_async/connection_pool.py", line 216, in handle_async_request
    raise exc from None
  File "/home/jabez/.cache/pypoetry/virtualenvs/kebede-bot-4wRYckUS-py3.12/lib/python3.12/site-packages/httpcore/_async/connection_pool.py", line 196, in handle_async_request
    response = await connection.handle_async_request(
               ^^^^^^^^^^^^^^^^^^^^^^^^^^^^^^^^^^^^^^
  File "/home/jabez/.cache/pypoetry/virtualenvs/kebede-bot-4wRYckUS-py3.12/lib/python3.12/site-packages/httpcore/_async/connection.py", line 99, in handle_async_request
    raise exc
  File "/home/jabez/.cache/pypoetry/virtualenvs/kebede-bot-4wRYckUS-py3.12/lib/python3.12/site-packages/httpcore/_async/connection.py", line 76, in handle_async_request
    stream = await self._connect(request)
             ^^^^^^^^^^^^^^^^^^^^^^^^^^^^
  File "/home/jabez/.cache/pypoetry/virtualenvs/kebede-bot-4wRYckUS-py3.12/lib/python3.12/site-packages/httpcore/_async/connection.py", line 122, in _connect
    stream = await self._network_backend.connect_tcp(**kwargs)
             ^^^^^^^^^^^^^^^^^^^^^^^^^^^^^^^^^^^^^^^^^^^^^^^^^
  File "/home/jabez/.cache/pypoetry/virtualenvs/kebede-bot-4wRYckUS-py3.12/lib/python3.12/site-packages/httpcore/_backends/auto.py", line 30, in connect_tcp
    return await self._backend.connect_tcp(
           ^^^^^^^^^^^^^^^^^^^^^^^^^^^^^^^^
  File "/home/jabez/.cache/pypoetry/virtualenvs/kebede-bot-4wRYckUS-py3.12/lib/python3.12/site-packages/httpcore/_backends/anyio.py", line 115, in connect_tcp
    with map_exceptions(exc_map):
  File "/usr/lib/python3.12/contextlib.py", line 158, in __exit__
    self.gen.throw(value)
  File "/home/jabez/.cache/pypoetry/virtualenvs/kebede-bot-4wRYckUS-py3.12/lib/python3.12/site-packages/httpcore/_exceptions.py", line 14, in map_exceptions
    raise to_exc(exc) from exc
httpcore.ConnectError: [Errno -3] Temporary failure in name resolution

The above exception was the direct cause of the following exception:

Traceback (most recent call last):
  File "/home/jabez/.cache/pypoetry/virtualenvs/kebede-bot-4wRYckUS-py3.12/lib/python3.12/site-packages/telegram/request/_httpxrequest.py", line 292, in do_request
    res = await self._client.request(
          ^^^^^^^^^^^^^^^^^^^^^^^^^^^
  File "/home/jabez/.cache/pypoetry/virtualenvs/kebede-bot-4wRYckUS-py3.12/lib/python3.12/site-packages/httpx/_client.py", line 1585, in request
    return await self.send(request, auth=auth, follow_redirects=follow_redirects)
           ^^^^^^^^^^^^^^^^^^^^^^^^^^^^^^^^^^^^^^^^^^^^^^^^^^^^^^^^^^^^^^^^^^^^^^
  File "/home/jabez/.cache/pypoetry/virtualenvs/kebede-bot-4wRYckUS-py3.12/lib/python3.12/site-packages/httpx/_client.py", line 1674, in send
    response = await self._send_handling_auth(
               ^^^^^^^^^^^^^^^^^^^^^^^^^^^^^^^
  File "/home/jabez/.cache/pypoetry/virtualenvs/kebede-bot-4wRYckUS-py3.12/lib/python3.12/site-packages/httpx/_client.py", line 1702, in _send_handling_auth
    response = await self._send_handling_redirects(
               ^^^^^^^^^^^^^^^^^^^^^^^^^^^^^^^^^^^^
  File "/home/jabez/.cache/pypoetry/virtualenvs/kebede-bot-4wRYckUS-py3.12/lib/python3.12/site-packages/httpx/_client.py", line 1739, in _send_handling_redirects
    response = await self._send_single_request(request)
               ^^^^^^^^^^^^^^^^^^^^^^^^^^^^^^^^^^^^^^^^
  File "/home/jabez/.cache/pypoetry/virtualenvs/kebede-bot-4wRYckUS-py3.12/lib/python3.12/site-packages/httpx/_client.py", line 1776, in _send_single_request
    response = await transport.handle_async_request(request)
               ^^^^^^^^^^^^^^^^^^^^^^^^^^^^^^^^^^^^^^^^^^^^^
  File "/home/jabez/.cache/pypoetry/virtualenvs/kebede-bot-4wRYckUS-py3.12/lib/python3.12/site-packages/httpx/_transports/default.py", line 376, in handle_async_request
    with map_httpcore_exceptions():
  File "/usr/lib/python3.12/contextlib.py", line 158, in __exit__
    self.gen.throw(value)
  File "/home/jabez/.cache/pypoetry/virtualenvs/kebede-bot-4wRYckUS-py3.12/lib/python3.12/site-packages/httpx/_transports/default.py", line 89, in map_httpcore_exceptions
    raise mapped_exc(message) from exc
httpx.ConnectError: [Errno -3] Temporary failure in name resolution

The above exception was the direct cause of the following exception:

Traceback (most recent call last):
  File "/home/jabez/.cache/pypoetry/virtualenvs/kebede-bot-4wRYckUS-py3.12/lib/python3.12/site-packages/telegram/ext/_updater.py", line 753, in _network_loop_retry
    if not await do_action():
           ^^^^^^^^^^^^^^^^^
  File "/home/jabez/.cache/pypoetry/virtualenvs/kebede-bot-4wRYckUS-py3.12/lib/python3.12/site-packages/telegram/ext/_updater.py", line 747, in do_action
    return action_cb_task.result()
           ^^^^^^^^^^^^^^^^^^^^^^^
  File "/home/jabez/.cache/pypoetry/virtualenvs/kebede-bot-4wRYckUS-py3.12/lib/python3.12/site-packages/telegram/ext/_updater.py", line 377, in polling_action_cb
    updates = await self.bot.get_updates(
              ^^^^^^^^^^^^^^^^^^^^^^^^^^^
  File "/home/jabez/.cache/pypoetry/virtualenvs/kebede-bot-4wRYckUS-py3.12/lib/python3.12/site-packages/telegram/ext/_extbot.py", line 649, in get_updates
    updates = await super().get_updates(
              ^^^^^^^^^^^^^^^^^^^^^^^^^^
  File "/home/jabez/.cache/pypoetry/virtualenvs/kebede-bot-4wRYckUS-py3.12/lib/python3.12/site-packages/telegram/_bot.py", line 4366, in get_updates
    await self._post(
  File "/home/jabez/.cache/pypoetry/virtualenvs/kebede-bot-4wRYckUS-py3.12/lib/python3.12/site-packages/telegram/_bot.py", line 623, in _post
    return await self._do_post(
           ^^^^^^^^^^^^^^^^^^^^
  File "/home/jabez/.cache/pypoetry/virtualenvs/kebede-bot-4wRYckUS-py3.12/lib/python3.12/site-packages/telegram/ext/_extbot.py", line 355, in _do_post
    return await super()._do_post(
           ^^^^^^^^^^^^^^^^^^^^^^^
  File "/home/jabez/.cache/pypoetry/virtualenvs/kebede-bot-4wRYckUS-py3.12/lib/python3.12/site-packages/telegram/_bot.py", line 652, in _do_post
    result = await request.post(
             ^^^^^^^^^^^^^^^^^^^
  File "/home/jabez/.cache/pypoetry/virtualenvs/kebede-bot-4wRYckUS-py3.12/lib/python3.12/site-packages/telegram/request/_baserequest.py", line 201, in post
    result = await self._request_wrapper(
             ^^^^^^^^^^^^^^^^^^^^^^^^^^^^
  File "/home/jabez/.cache/pypoetry/virtualenvs/kebede-bot-4wRYckUS-py3.12/lib/python3.12/site-packages/telegram/request/_baserequest.py", line 333, in _request_wrapper
    code, payload = await self.do_request(
                    ^^^^^^^^^^^^^^^^^^^^^^
  File "/home/jabez/.cache/pypoetry/virtualenvs/kebede-bot-4wRYckUS-py3.12/lib/python3.12/site-packages/telegram/request/_httpxrequest.py", line 316, in do_request
    raise NetworkError(f"httpx.{err.__class__.__name__}: {err}") from err
telegram.error.NetworkError: httpx.ConnectError: [Errno -3] Temporary failure in name resolution
2024-11-07 22:15:29,015 - No error handlers are registered, logging exception.
Traceback (most recent call last):
  File "/home/jabez/.cache/pypoetry/virtualenvs/kebede-bot-4wRYckUS-py3.12/lib/python3.12/site-packages/httpx/_transports/default.py", line 72, in map_httpcore_exceptions
    yield
  File "/home/jabez/.cache/pypoetry/virtualenvs/kebede-bot-4wRYckUS-py3.12/lib/python3.12/site-packages/httpx/_transports/default.py", line 377, in handle_async_request
    resp = await self._pool.handle_async_request(req)
           ^^^^^^^^^^^^^^^^^^^^^^^^^^^^^^^^^^^^^^^^^^
  File "/home/jabez/.cache/pypoetry/virtualenvs/kebede-bot-4wRYckUS-py3.12/lib/python3.12/site-packages/httpcore/_async/connection_pool.py", line 216, in handle_async_request
    raise exc from None
  File "/home/jabez/.cache/pypoetry/virtualenvs/kebede-bot-4wRYckUS-py3.12/lib/python3.12/site-packages/httpcore/_async/connection_pool.py", line 196, in handle_async_request
    response = await connection.handle_async_request(
               ^^^^^^^^^^^^^^^^^^^^^^^^^^^^^^^^^^^^^^
  File "/home/jabez/.cache/pypoetry/virtualenvs/kebede-bot-4wRYckUS-py3.12/lib/python3.12/site-packages/httpcore/_async/connection.py", line 99, in handle_async_request
    raise exc
  File "/home/jabez/.cache/pypoetry/virtualenvs/kebede-bot-4wRYckUS-py3.12/lib/python3.12/site-packages/httpcore/_async/connection.py", line 76, in handle_async_request
    stream = await self._connect(request)
             ^^^^^^^^^^^^^^^^^^^^^^^^^^^^
  File "/home/jabez/.cache/pypoetry/virtualenvs/kebede-bot-4wRYckUS-py3.12/lib/python3.12/site-packages/httpcore/_async/connection.py", line 122, in _connect
    stream = await self._network_backend.connect_tcp(**kwargs)
             ^^^^^^^^^^^^^^^^^^^^^^^^^^^^^^^^^^^^^^^^^^^^^^^^^
  File "/home/jabez/.cache/pypoetry/virtualenvs/kebede-bot-4wRYckUS-py3.12/lib/python3.12/site-packages/httpcore/_backends/auto.py", line 30, in connect_tcp
    return await self._backend.connect_tcp(
           ^^^^^^^^^^^^^^^^^^^^^^^^^^^^^^^^
  File "/home/jabez/.cache/pypoetry/virtualenvs/kebede-bot-4wRYckUS-py3.12/lib/python3.12/site-packages/httpcore/_backends/anyio.py", line 115, in connect_tcp
    with map_exceptions(exc_map):
  File "/usr/lib/python3.12/contextlib.py", line 158, in __exit__
    self.gen.throw(value)
  File "/home/jabez/.cache/pypoetry/virtualenvs/kebede-bot-4wRYckUS-py3.12/lib/python3.12/site-packages/httpcore/_exceptions.py", line 14, in map_exceptions
    raise to_exc(exc) from exc
httpcore.ConnectError: [Errno -3] Temporary failure in name resolution

The above exception was the direct cause of the following exception:

Traceback (most recent call last):
  File "/home/jabez/.cache/pypoetry/virtualenvs/kebede-bot-4wRYckUS-py3.12/lib/python3.12/site-packages/telegram/request/_httpxrequest.py", line 292, in do_request
    res = await self._client.request(
          ^^^^^^^^^^^^^^^^^^^^^^^^^^^
  File "/home/jabez/.cache/pypoetry/virtualenvs/kebede-bot-4wRYckUS-py3.12/lib/python3.12/site-packages/httpx/_client.py", line 1585, in request
    return await self.send(request, auth=auth, follow_redirects=follow_redirects)
           ^^^^^^^^^^^^^^^^^^^^^^^^^^^^^^^^^^^^^^^^^^^^^^^^^^^^^^^^^^^^^^^^^^^^^^
  File "/home/jabez/.cache/pypoetry/virtualenvs/kebede-bot-4wRYckUS-py3.12/lib/python3.12/site-packages/httpx/_client.py", line 1674, in send
    response = await self._send_handling_auth(
               ^^^^^^^^^^^^^^^^^^^^^^^^^^^^^^^
  File "/home/jabez/.cache/pypoetry/virtualenvs/kebede-bot-4wRYckUS-py3.12/lib/python3.12/site-packages/httpx/_client.py", line 1702, in _send_handling_auth
    response = await self._send_handling_redirects(
               ^^^^^^^^^^^^^^^^^^^^^^^^^^^^^^^^^^^^
  File "/home/jabez/.cache/pypoetry/virtualenvs/kebede-bot-4wRYckUS-py3.12/lib/python3.12/site-packages/httpx/_client.py", line 1739, in _send_handling_redirects
    response = await self._send_single_request(request)
               ^^^^^^^^^^^^^^^^^^^^^^^^^^^^^^^^^^^^^^^^
  File "/home/jabez/.cache/pypoetry/virtualenvs/kebede-bot-4wRYckUS-py3.12/lib/python3.12/site-packages/httpx/_client.py", line 1776, in _send_single_request
    response = await transport.handle_async_request(request)
               ^^^^^^^^^^^^^^^^^^^^^^^^^^^^^^^^^^^^^^^^^^^^^
  File "/home/jabez/.cache/pypoetry/virtualenvs/kebede-bot-4wRYckUS-py3.12/lib/python3.12/site-packages/httpx/_transports/default.py", line 376, in handle_async_request
    with map_httpcore_exceptions():
  File "/usr/lib/python3.12/contextlib.py", line 158, in __exit__
    self.gen.throw(value)
  File "/home/jabez/.cache/pypoetry/virtualenvs/kebede-bot-4wRYckUS-py3.12/lib/python3.12/site-packages/httpx/_transports/default.py", line 89, in map_httpcore_exceptions
    raise mapped_exc(message) from exc
httpx.ConnectError: [Errno -3] Temporary failure in name resolution

The above exception was the direct cause of the following exception:

Traceback (most recent call last):
  File "/home/jabez/.cache/pypoetry/virtualenvs/kebede-bot-4wRYckUS-py3.12/lib/python3.12/site-packages/telegram/ext/_updater.py", line 753, in _network_loop_retry
    if not await do_action():
           ^^^^^^^^^^^^^^^^^
  File "/home/jabez/.cache/pypoetry/virtualenvs/kebede-bot-4wRYckUS-py3.12/lib/python3.12/site-packages/telegram/ext/_updater.py", line 747, in do_action
    return action_cb_task.result()
           ^^^^^^^^^^^^^^^^^^^^^^^
  File "/home/jabez/.cache/pypoetry/virtualenvs/kebede-bot-4wRYckUS-py3.12/lib/python3.12/site-packages/telegram/ext/_updater.py", line 377, in polling_action_cb
    updates = await self.bot.get_updates(
              ^^^^^^^^^^^^^^^^^^^^^^^^^^^
  File "/home/jabez/.cache/pypoetry/virtualenvs/kebede-bot-4wRYckUS-py3.12/lib/python3.12/site-packages/telegram/ext/_extbot.py", line 649, in get_updates
    updates = await super().get_updates(
              ^^^^^^^^^^^^^^^^^^^^^^^^^^
  File "/home/jabez/.cache/pypoetry/virtualenvs/kebede-bot-4wRYckUS-py3.12/lib/python3.12/site-packages/telegram/_bot.py", line 4366, in get_updates
    await self._post(
  File "/home/jabez/.cache/pypoetry/virtualenvs/kebede-bot-4wRYckUS-py3.12/lib/python3.12/site-packages/telegram/_bot.py", line 623, in _post
    return await self._do_post(
           ^^^^^^^^^^^^^^^^^^^^
  File "/home/jabez/.cache/pypoetry/virtualenvs/kebede-bot-4wRYckUS-py3.12/lib/python3.12/site-packages/telegram/ext/_extbot.py", line 355, in _do_post
    return await super()._do_post(
           ^^^^^^^^^^^^^^^^^^^^^^^
  File "/home/jabez/.cache/pypoetry/virtualenvs/kebede-bot-4wRYckUS-py3.12/lib/python3.12/site-packages/telegram/_bot.py", line 652, in _do_post
    result = await request.post(
             ^^^^^^^^^^^^^^^^^^^
  File "/home/jabez/.cache/pypoetry/virtualenvs/kebede-bot-4wRYckUS-py3.12/lib/python3.12/site-packages/telegram/request/_baserequest.py", line 201, in post
    result = await self._request_wrapper(
             ^^^^^^^^^^^^^^^^^^^^^^^^^^^^
  File "/home/jabez/.cache/pypoetry/virtualenvs/kebede-bot-4wRYckUS-py3.12/lib/python3.12/site-packages/telegram/request/_baserequest.py", line 333, in _request_wrapper
    code, payload = await self.do_request(
                    ^^^^^^^^^^^^^^^^^^^^^^
  File "/home/jabez/.cache/pypoetry/virtualenvs/kebede-bot-4wRYckUS-py3.12/lib/python3.12/site-packages/telegram/request/_httpxrequest.py", line 316, in do_request
    raise NetworkError(f"httpx.{err.__class__.__name__}: {err}") from err
telegram.error.NetworkError: httpx.ConnectError: [Errno -3] Temporary failure in name resolution
2024-11-07 22:15:30,519 - No error handlers are registered, logging exception.
Traceback (most recent call last):
  File "/home/jabez/.cache/pypoetry/virtualenvs/kebede-bot-4wRYckUS-py3.12/lib/python3.12/site-packages/httpx/_transports/default.py", line 72, in map_httpcore_exceptions
    yield
  File "/home/jabez/.cache/pypoetry/virtualenvs/kebede-bot-4wRYckUS-py3.12/lib/python3.12/site-packages/httpx/_transports/default.py", line 377, in handle_async_request
    resp = await self._pool.handle_async_request(req)
           ^^^^^^^^^^^^^^^^^^^^^^^^^^^^^^^^^^^^^^^^^^
  File "/home/jabez/.cache/pypoetry/virtualenvs/kebede-bot-4wRYckUS-py3.12/lib/python3.12/site-packages/httpcore/_async/connection_pool.py", line 216, in handle_async_request
    raise exc from None
  File "/home/jabez/.cache/pypoetry/virtualenvs/kebede-bot-4wRYckUS-py3.12/lib/python3.12/site-packages/httpcore/_async/connection_pool.py", line 196, in handle_async_request
    response = await connection.handle_async_request(
               ^^^^^^^^^^^^^^^^^^^^^^^^^^^^^^^^^^^^^^
  File "/home/jabez/.cache/pypoetry/virtualenvs/kebede-bot-4wRYckUS-py3.12/lib/python3.12/site-packages/httpcore/_async/connection.py", line 99, in handle_async_request
    raise exc
  File "/home/jabez/.cache/pypoetry/virtualenvs/kebede-bot-4wRYckUS-py3.12/lib/python3.12/site-packages/httpcore/_async/connection.py", line 76, in handle_async_request
    stream = await self._connect(request)
             ^^^^^^^^^^^^^^^^^^^^^^^^^^^^
  File "/home/jabez/.cache/pypoetry/virtualenvs/kebede-bot-4wRYckUS-py3.12/lib/python3.12/site-packages/httpcore/_async/connection.py", line 122, in _connect
    stream = await self._network_backend.connect_tcp(**kwargs)
             ^^^^^^^^^^^^^^^^^^^^^^^^^^^^^^^^^^^^^^^^^^^^^^^^^
  File "/home/jabez/.cache/pypoetry/virtualenvs/kebede-bot-4wRYckUS-py3.12/lib/python3.12/site-packages/httpcore/_backends/auto.py", line 30, in connect_tcp
    return await self._backend.connect_tcp(
           ^^^^^^^^^^^^^^^^^^^^^^^^^^^^^^^^
  File "/home/jabez/.cache/pypoetry/virtualenvs/kebede-bot-4wRYckUS-py3.12/lib/python3.12/site-packages/httpcore/_backends/anyio.py", line 115, in connect_tcp
    with map_exceptions(exc_map):
  File "/usr/lib/python3.12/contextlib.py", line 158, in __exit__
    self.gen.throw(value)
  File "/home/jabez/.cache/pypoetry/virtualenvs/kebede-bot-4wRYckUS-py3.12/lib/python3.12/site-packages/httpcore/_exceptions.py", line 14, in map_exceptions
    raise to_exc(exc) from exc
httpcore.ConnectError: [Errno -3] Temporary failure in name resolution

The above exception was the direct cause of the following exception:

Traceback (most recent call last):
  File "/home/jabez/.cache/pypoetry/virtualenvs/kebede-bot-4wRYckUS-py3.12/lib/python3.12/site-packages/telegram/request/_httpxrequest.py", line 292, in do_request
    res = await self._client.request(
          ^^^^^^^^^^^^^^^^^^^^^^^^^^^
  File "/home/jabez/.cache/pypoetry/virtualenvs/kebede-bot-4wRYckUS-py3.12/lib/python3.12/site-packages/httpx/_client.py", line 1585, in request
    return await self.send(request, auth=auth, follow_redirects=follow_redirects)
           ^^^^^^^^^^^^^^^^^^^^^^^^^^^^^^^^^^^^^^^^^^^^^^^^^^^^^^^^^^^^^^^^^^^^^^
  File "/home/jabez/.cache/pypoetry/virtualenvs/kebede-bot-4wRYckUS-py3.12/lib/python3.12/site-packages/httpx/_client.py", line 1674, in send
    response = await self._send_handling_auth(
               ^^^^^^^^^^^^^^^^^^^^^^^^^^^^^^^
  File "/home/jabez/.cache/pypoetry/virtualenvs/kebede-bot-4wRYckUS-py3.12/lib/python3.12/site-packages/httpx/_client.py", line 1702, in _send_handling_auth
    response = await self._send_handling_redirects(
               ^^^^^^^^^^^^^^^^^^^^^^^^^^^^^^^^^^^^
  File "/home/jabez/.cache/pypoetry/virtualenvs/kebede-bot-4wRYckUS-py3.12/lib/python3.12/site-packages/httpx/_client.py", line 1739, in _send_handling_redirects
    response = await self._send_single_request(request)
               ^^^^^^^^^^^^^^^^^^^^^^^^^^^^^^^^^^^^^^^^
  File "/home/jabez/.cache/pypoetry/virtualenvs/kebede-bot-4wRYckUS-py3.12/lib/python3.12/site-packages/httpx/_client.py", line 1776, in _send_single_request
    response = await transport.handle_async_request(request)
               ^^^^^^^^^^^^^^^^^^^^^^^^^^^^^^^^^^^^^^^^^^^^^
  File "/home/jabez/.cache/pypoetry/virtualenvs/kebede-bot-4wRYckUS-py3.12/lib/python3.12/site-packages/httpx/_transports/default.py", line 376, in handle_async_request
    with map_httpcore_exceptions():
  File "/usr/lib/python3.12/contextlib.py", line 158, in __exit__
    self.gen.throw(value)
  File "/home/jabez/.cache/pypoetry/virtualenvs/kebede-bot-4wRYckUS-py3.12/lib/python3.12/site-packages/httpx/_transports/default.py", line 89, in map_httpcore_exceptions
    raise mapped_exc(message) from exc
httpx.ConnectError: [Errno -3] Temporary failure in name resolution

The above exception was the direct cause of the following exception:

Traceback (most recent call last):
  File "/home/jabez/.cache/pypoetry/virtualenvs/kebede-bot-4wRYckUS-py3.12/lib/python3.12/site-packages/telegram/ext/_updater.py", line 753, in _network_loop_retry
    if not await do_action():
           ^^^^^^^^^^^^^^^^^
  File "/home/jabez/.cache/pypoetry/virtualenvs/kebede-bot-4wRYckUS-py3.12/lib/python3.12/site-packages/telegram/ext/_updater.py", line 747, in do_action
    return action_cb_task.result()
           ^^^^^^^^^^^^^^^^^^^^^^^
  File "/home/jabez/.cache/pypoetry/virtualenvs/kebede-bot-4wRYckUS-py3.12/lib/python3.12/site-packages/telegram/ext/_updater.py", line 377, in polling_action_cb
    updates = await self.bot.get_updates(
              ^^^^^^^^^^^^^^^^^^^^^^^^^^^
  File "/home/jabez/.cache/pypoetry/virtualenvs/kebede-bot-4wRYckUS-py3.12/lib/python3.12/site-packages/telegram/ext/_extbot.py", line 649, in get_updates
    updates = await super().get_updates(
              ^^^^^^^^^^^^^^^^^^^^^^^^^^
  File "/home/jabez/.cache/pypoetry/virtualenvs/kebede-bot-4wRYckUS-py3.12/lib/python3.12/site-packages/telegram/_bot.py", line 4366, in get_updates
    await self._post(
  File "/home/jabez/.cache/pypoetry/virtualenvs/kebede-bot-4wRYckUS-py3.12/lib/python3.12/site-packages/telegram/_bot.py", line 623, in _post
    return await self._do_post(
           ^^^^^^^^^^^^^^^^^^^^
  File "/home/jabez/.cache/pypoetry/virtualenvs/kebede-bot-4wRYckUS-py3.12/lib/python3.12/site-packages/telegram/ext/_extbot.py", line 355, in _do_post
    return await super()._do_post(
           ^^^^^^^^^^^^^^^^^^^^^^^
  File "/home/jabez/.cache/pypoetry/virtualenvs/kebede-bot-4wRYckUS-py3.12/lib/python3.12/site-packages/telegram/_bot.py", line 652, in _do_post
    result = await request.post(
             ^^^^^^^^^^^^^^^^^^^
  File "/home/jabez/.cache/pypoetry/virtualenvs/kebede-bot-4wRYckUS-py3.12/lib/python3.12/site-packages/telegram/request/_baserequest.py", line 201, in post
    result = await self._request_wrapper(
             ^^^^^^^^^^^^^^^^^^^^^^^^^^^^
  File "/home/jabez/.cache/pypoetry/virtualenvs/kebede-bot-4wRYckUS-py3.12/lib/python3.12/site-packages/telegram/request/_baserequest.py", line 333, in _request_wrapper
    code, payload = await self.do_request(
                    ^^^^^^^^^^^^^^^^^^^^^^
  File "/home/jabez/.cache/pypoetry/virtualenvs/kebede-bot-4wRYckUS-py3.12/lib/python3.12/site-packages/telegram/request/_httpxrequest.py", line 316, in do_request
    raise NetworkError(f"httpx.{err.__class__.__name__}: {err}") from err
telegram.error.NetworkError: httpx.ConnectError: [Errno -3] Temporary failure in name resolution
2024-11-07 22:15:32,796 - No error handlers are registered, logging exception.
Traceback (most recent call last):
  File "/home/jabez/.cache/pypoetry/virtualenvs/kebede-bot-4wRYckUS-py3.12/lib/python3.12/site-packages/httpx/_transports/default.py", line 72, in map_httpcore_exceptions
    yield
  File "/home/jabez/.cache/pypoetry/virtualenvs/kebede-bot-4wRYckUS-py3.12/lib/python3.12/site-packages/httpx/_transports/default.py", line 377, in handle_async_request
    resp = await self._pool.handle_async_request(req)
           ^^^^^^^^^^^^^^^^^^^^^^^^^^^^^^^^^^^^^^^^^^
  File "/home/jabez/.cache/pypoetry/virtualenvs/kebede-bot-4wRYckUS-py3.12/lib/python3.12/site-packages/httpcore/_async/connection_pool.py", line 216, in handle_async_request
    raise exc from None
  File "/home/jabez/.cache/pypoetry/virtualenvs/kebede-bot-4wRYckUS-py3.12/lib/python3.12/site-packages/httpcore/_async/connection_pool.py", line 196, in handle_async_request
    response = await connection.handle_async_request(
               ^^^^^^^^^^^^^^^^^^^^^^^^^^^^^^^^^^^^^^
  File "/home/jabez/.cache/pypoetry/virtualenvs/kebede-bot-4wRYckUS-py3.12/lib/python3.12/site-packages/httpcore/_async/connection.py", line 99, in handle_async_request
    raise exc
  File "/home/jabez/.cache/pypoetry/virtualenvs/kebede-bot-4wRYckUS-py3.12/lib/python3.12/site-packages/httpcore/_async/connection.py", line 76, in handle_async_request
    stream = await self._connect(request)
             ^^^^^^^^^^^^^^^^^^^^^^^^^^^^
  File "/home/jabez/.cache/pypoetry/virtualenvs/kebede-bot-4wRYckUS-py3.12/lib/python3.12/site-packages/httpcore/_async/connection.py", line 122, in _connect
    stream = await self._network_backend.connect_tcp(**kwargs)
             ^^^^^^^^^^^^^^^^^^^^^^^^^^^^^^^^^^^^^^^^^^^^^^^^^
  File "/home/jabez/.cache/pypoetry/virtualenvs/kebede-bot-4wRYckUS-py3.12/lib/python3.12/site-packages/httpcore/_backends/auto.py", line 30, in connect_tcp
    return await self._backend.connect_tcp(
           ^^^^^^^^^^^^^^^^^^^^^^^^^^^^^^^^
  File "/home/jabez/.cache/pypoetry/virtualenvs/kebede-bot-4wRYckUS-py3.12/lib/python3.12/site-packages/httpcore/_backends/anyio.py", line 115, in connect_tcp
    with map_exceptions(exc_map):
  File "/usr/lib/python3.12/contextlib.py", line 158, in __exit__
    self.gen.throw(value)
  File "/home/jabez/.cache/pypoetry/virtualenvs/kebede-bot-4wRYckUS-py3.12/lib/python3.12/site-packages/httpcore/_exceptions.py", line 14, in map_exceptions
    raise to_exc(exc) from exc
httpcore.ConnectError: [Errno -3] Temporary failure in name resolution

The above exception was the direct cause of the following exception:

Traceback (most recent call last):
  File "/home/jabez/.cache/pypoetry/virtualenvs/kebede-bot-4wRYckUS-py3.12/lib/python3.12/site-packages/telegram/request/_httpxrequest.py", line 292, in do_request
    res = await self._client.request(
          ^^^^^^^^^^^^^^^^^^^^^^^^^^^
  File "/home/jabez/.cache/pypoetry/virtualenvs/kebede-bot-4wRYckUS-py3.12/lib/python3.12/site-packages/httpx/_client.py", line 1585, in request
    return await self.send(request, auth=auth, follow_redirects=follow_redirects)
           ^^^^^^^^^^^^^^^^^^^^^^^^^^^^^^^^^^^^^^^^^^^^^^^^^^^^^^^^^^^^^^^^^^^^^^
  File "/home/jabez/.cache/pypoetry/virtualenvs/kebede-bot-4wRYckUS-py3.12/lib/python3.12/site-packages/httpx/_client.py", line 1674, in send
    response = await self._send_handling_auth(
               ^^^^^^^^^^^^^^^^^^^^^^^^^^^^^^^
  File "/home/jabez/.cache/pypoetry/virtualenvs/kebede-bot-4wRYckUS-py3.12/lib/python3.12/site-packages/httpx/_client.py", line 1702, in _send_handling_auth
    response = await self._send_handling_redirects(
               ^^^^^^^^^^^^^^^^^^^^^^^^^^^^^^^^^^^^
  File "/home/jabez/.cache/pypoetry/virtualenvs/kebede-bot-4wRYckUS-py3.12/lib/python3.12/site-packages/httpx/_client.py", line 1739, in _send_handling_redirects
    response = await self._send_single_request(request)
               ^^^^^^^^^^^^^^^^^^^^^^^^^^^^^^^^^^^^^^^^
  File "/home/jabez/.cache/pypoetry/virtualenvs/kebede-bot-4wRYckUS-py3.12/lib/python3.12/site-packages/httpx/_client.py", line 1776, in _send_single_request
    response = await transport.handle_async_request(request)
               ^^^^^^^^^^^^^^^^^^^^^^^^^^^^^^^^^^^^^^^^^^^^^
  File "/home/jabez/.cache/pypoetry/virtualenvs/kebede-bot-4wRYckUS-py3.12/lib/python3.12/site-packages/httpx/_transports/default.py", line 376, in handle_async_request
    with map_httpcore_exceptions():
  File "/usr/lib/python3.12/contextlib.py", line 158, in __exit__
    self.gen.throw(value)
  File "/home/jabez/.cache/pypoetry/virtualenvs/kebede-bot-4wRYckUS-py3.12/lib/python3.12/site-packages/httpx/_transports/default.py", line 89, in map_httpcore_exceptions
    raise mapped_exc(message) from exc
httpx.ConnectError: [Errno -3] Temporary failure in name resolution

The above exception was the direct cause of the following exception:

Traceback (most recent call last):
  File "/home/jabez/.cache/pypoetry/virtualenvs/kebede-bot-4wRYckUS-py3.12/lib/python3.12/site-packages/telegram/ext/_updater.py", line 753, in _network_loop_retry
    if not await do_action():
           ^^^^^^^^^^^^^^^^^
  File "/home/jabez/.cache/pypoetry/virtualenvs/kebede-bot-4wRYckUS-py3.12/lib/python3.12/site-packages/telegram/ext/_updater.py", line 747, in do_action
    return action_cb_task.result()
           ^^^^^^^^^^^^^^^^^^^^^^^
  File "/home/jabez/.cache/pypoetry/virtualenvs/kebede-bot-4wRYckUS-py3.12/lib/python3.12/site-packages/telegram/ext/_updater.py", line 377, in polling_action_cb
    updates = await self.bot.get_updates(
              ^^^^^^^^^^^^^^^^^^^^^^^^^^^
  File "/home/jabez/.cache/pypoetry/virtualenvs/kebede-bot-4wRYckUS-py3.12/lib/python3.12/site-packages/telegram/ext/_extbot.py", line 649, in get_updates
    updates = await super().get_updates(
              ^^^^^^^^^^^^^^^^^^^^^^^^^^
  File "/home/jabez/.cache/pypoetry/virtualenvs/kebede-bot-4wRYckUS-py3.12/lib/python3.12/site-packages/telegram/_bot.py", line 4366, in get_updates
    await self._post(
  File "/home/jabez/.cache/pypoetry/virtualenvs/kebede-bot-4wRYckUS-py3.12/lib/python3.12/site-packages/telegram/_bot.py", line 623, in _post
    return await self._do_post(
           ^^^^^^^^^^^^^^^^^^^^
  File "/home/jabez/.cache/pypoetry/virtualenvs/kebede-bot-4wRYckUS-py3.12/lib/python3.12/site-packages/telegram/ext/_extbot.py", line 355, in _do_post
    return await super()._do_post(
           ^^^^^^^^^^^^^^^^^^^^^^^
  File "/home/jabez/.cache/pypoetry/virtualenvs/kebede-bot-4wRYckUS-py3.12/lib/python3.12/site-packages/telegram/_bot.py", line 652, in _do_post
    result = await request.post(
             ^^^^^^^^^^^^^^^^^^^
  File "/home/jabez/.cache/pypoetry/virtualenvs/kebede-bot-4wRYckUS-py3.12/lib/python3.12/site-packages/telegram/request/_baserequest.py", line 201, in post
    result = await self._request_wrapper(
             ^^^^^^^^^^^^^^^^^^^^^^^^^^^^
  File "/home/jabez/.cache/pypoetry/virtualenvs/kebede-bot-4wRYckUS-py3.12/lib/python3.12/site-packages/telegram/request/_baserequest.py", line 333, in _request_wrapper
    code, payload = await self.do_request(
                    ^^^^^^^^^^^^^^^^^^^^^^
  File "/home/jabez/.cache/pypoetry/virtualenvs/kebede-bot-4wRYckUS-py3.12/lib/python3.12/site-packages/telegram/request/_httpxrequest.py", line 316, in do_request
    raise NetworkError(f"httpx.{err.__class__.__name__}: {err}") from err
telegram.error.NetworkError: httpx.ConnectError: [Errno -3] Temporary failure in name resolution
2024-11-07 22:15:36,209 - No error handlers are registered, logging exception.
Traceback (most recent call last):
  File "/home/jabez/.cache/pypoetry/virtualenvs/kebede-bot-4wRYckUS-py3.12/lib/python3.12/site-packages/httpx/_transports/default.py", line 72, in map_httpcore_exceptions
    yield
  File "/home/jabez/.cache/pypoetry/virtualenvs/kebede-bot-4wRYckUS-py3.12/lib/python3.12/site-packages/httpx/_transports/default.py", line 377, in handle_async_request
    resp = await self._pool.handle_async_request(req)
           ^^^^^^^^^^^^^^^^^^^^^^^^^^^^^^^^^^^^^^^^^^
  File "/home/jabez/.cache/pypoetry/virtualenvs/kebede-bot-4wRYckUS-py3.12/lib/python3.12/site-packages/httpcore/_async/connection_pool.py", line 216, in handle_async_request
    raise exc from None
  File "/home/jabez/.cache/pypoetry/virtualenvs/kebede-bot-4wRYckUS-py3.12/lib/python3.12/site-packages/httpcore/_async/connection_pool.py", line 196, in handle_async_request
    response = await connection.handle_async_request(
               ^^^^^^^^^^^^^^^^^^^^^^^^^^^^^^^^^^^^^^
  File "/home/jabez/.cache/pypoetry/virtualenvs/kebede-bot-4wRYckUS-py3.12/lib/python3.12/site-packages/httpcore/_async/connection.py", line 99, in handle_async_request
    raise exc
  File "/home/jabez/.cache/pypoetry/virtualenvs/kebede-bot-4wRYckUS-py3.12/lib/python3.12/site-packages/httpcore/_async/connection.py", line 76, in handle_async_request
    stream = await self._connect(request)
             ^^^^^^^^^^^^^^^^^^^^^^^^^^^^
  File "/home/jabez/.cache/pypoetry/virtualenvs/kebede-bot-4wRYckUS-py3.12/lib/python3.12/site-packages/httpcore/_async/connection.py", line 122, in _connect
    stream = await self._network_backend.connect_tcp(**kwargs)
             ^^^^^^^^^^^^^^^^^^^^^^^^^^^^^^^^^^^^^^^^^^^^^^^^^
  File "/home/jabez/.cache/pypoetry/virtualenvs/kebede-bot-4wRYckUS-py3.12/lib/python3.12/site-packages/httpcore/_backends/auto.py", line 30, in connect_tcp
    return await self._backend.connect_tcp(
           ^^^^^^^^^^^^^^^^^^^^^^^^^^^^^^^^
  File "/home/jabez/.cache/pypoetry/virtualenvs/kebede-bot-4wRYckUS-py3.12/lib/python3.12/site-packages/httpcore/_backends/anyio.py", line 115, in connect_tcp
    with map_exceptions(exc_map):
  File "/usr/lib/python3.12/contextlib.py", line 158, in __exit__
    self.gen.throw(value)
  File "/home/jabez/.cache/pypoetry/virtualenvs/kebede-bot-4wRYckUS-py3.12/lib/python3.12/site-packages/httpcore/_exceptions.py", line 14, in map_exceptions
    raise to_exc(exc) from exc
httpcore.ConnectError: [Errno -3] Temporary failure in name resolution

The above exception was the direct cause of the following exception:

Traceback (most recent call last):
  File "/home/jabez/.cache/pypoetry/virtualenvs/kebede-bot-4wRYckUS-py3.12/lib/python3.12/site-packages/telegram/request/_httpxrequest.py", line 292, in do_request
    res = await self._client.request(
          ^^^^^^^^^^^^^^^^^^^^^^^^^^^
  File "/home/jabez/.cache/pypoetry/virtualenvs/kebede-bot-4wRYckUS-py3.12/lib/python3.12/site-packages/httpx/_client.py", line 1585, in request
    return await self.send(request, auth=auth, follow_redirects=follow_redirects)
           ^^^^^^^^^^^^^^^^^^^^^^^^^^^^^^^^^^^^^^^^^^^^^^^^^^^^^^^^^^^^^^^^^^^^^^
  File "/home/jabez/.cache/pypoetry/virtualenvs/kebede-bot-4wRYckUS-py3.12/lib/python3.12/site-packages/httpx/_client.py", line 1674, in send
    response = await self._send_handling_auth(
               ^^^^^^^^^^^^^^^^^^^^^^^^^^^^^^^
  File "/home/jabez/.cache/pypoetry/virtualenvs/kebede-bot-4wRYckUS-py3.12/lib/python3.12/site-packages/httpx/_client.py", line 1702, in _send_handling_auth
    response = await self._send_handling_redirects(
               ^^^^^^^^^^^^^^^^^^^^^^^^^^^^^^^^^^^^
  File "/home/jabez/.cache/pypoetry/virtualenvs/kebede-bot-4wRYckUS-py3.12/lib/python3.12/site-packages/httpx/_client.py", line 1739, in _send_handling_redirects
    response = await self._send_single_request(request)
               ^^^^^^^^^^^^^^^^^^^^^^^^^^^^^^^^^^^^^^^^
  File "/home/jabez/.cache/pypoetry/virtualenvs/kebede-bot-4wRYckUS-py3.12/lib/python3.12/site-packages/httpx/_client.py", line 1776, in _send_single_request
    response = await transport.handle_async_request(request)
               ^^^^^^^^^^^^^^^^^^^^^^^^^^^^^^^^^^^^^^^^^^^^^
  File "/home/jabez/.cache/pypoetry/virtualenvs/kebede-bot-4wRYckUS-py3.12/lib/python3.12/site-packages/httpx/_transports/default.py", line 376, in handle_async_request
    with map_httpcore_exceptions():
  File "/usr/lib/python3.12/contextlib.py", line 158, in __exit__
    self.gen.throw(value)
  File "/home/jabez/.cache/pypoetry/virtualenvs/kebede-bot-4wRYckUS-py3.12/lib/python3.12/site-packages/httpx/_transports/default.py", line 89, in map_httpcore_exceptions
    raise mapped_exc(message) from exc
httpx.ConnectError: [Errno -3] Temporary failure in name resolution

The above exception was the direct cause of the following exception:

Traceback (most recent call last):
  File "/home/jabez/.cache/pypoetry/virtualenvs/kebede-bot-4wRYckUS-py3.12/lib/python3.12/site-packages/telegram/ext/_updater.py", line 753, in _network_loop_retry
    if not await do_action():
           ^^^^^^^^^^^^^^^^^
  File "/home/jabez/.cache/pypoetry/virtualenvs/kebede-bot-4wRYckUS-py3.12/lib/python3.12/site-packages/telegram/ext/_updater.py", line 747, in do_action
    return action_cb_task.result()
           ^^^^^^^^^^^^^^^^^^^^^^^
  File "/home/jabez/.cache/pypoetry/virtualenvs/kebede-bot-4wRYckUS-py3.12/lib/python3.12/site-packages/telegram/ext/_updater.py", line 377, in polling_action_cb
    updates = await self.bot.get_updates(
              ^^^^^^^^^^^^^^^^^^^^^^^^^^^
  File "/home/jabez/.cache/pypoetry/virtualenvs/kebede-bot-4wRYckUS-py3.12/lib/python3.12/site-packages/telegram/ext/_extbot.py", line 649, in get_updates
    updates = await super().get_updates(
              ^^^^^^^^^^^^^^^^^^^^^^^^^^
  File "/home/jabez/.cache/pypoetry/virtualenvs/kebede-bot-4wRYckUS-py3.12/lib/python3.12/site-packages/telegram/_bot.py", line 4366, in get_updates
    await self._post(
  File "/home/jabez/.cache/pypoetry/virtualenvs/kebede-bot-4wRYckUS-py3.12/lib/python3.12/site-packages/telegram/_bot.py", line 623, in _post
    return await self._do_post(
           ^^^^^^^^^^^^^^^^^^^^
  File "/home/jabez/.cache/pypoetry/virtualenvs/kebede-bot-4wRYckUS-py3.12/lib/python3.12/site-packages/telegram/ext/_extbot.py", line 355, in _do_post
    return await super()._do_post(
           ^^^^^^^^^^^^^^^^^^^^^^^
  File "/home/jabez/.cache/pypoetry/virtualenvs/kebede-bot-4wRYckUS-py3.12/lib/python3.12/site-packages/telegram/_bot.py", line 652, in _do_post
    result = await request.post(
             ^^^^^^^^^^^^^^^^^^^
  File "/home/jabez/.cache/pypoetry/virtualenvs/kebede-bot-4wRYckUS-py3.12/lib/python3.12/site-packages/telegram/request/_baserequest.py", line 201, in post
    result = await self._request_wrapper(
             ^^^^^^^^^^^^^^^^^^^^^^^^^^^^
  File "/home/jabez/.cache/pypoetry/virtualenvs/kebede-bot-4wRYckUS-py3.12/lib/python3.12/site-packages/telegram/request/_baserequest.py", line 333, in _request_wrapper
    code, payload = await self.do_request(
                    ^^^^^^^^^^^^^^^^^^^^^^
  File "/home/jabez/.cache/pypoetry/virtualenvs/kebede-bot-4wRYckUS-py3.12/lib/python3.12/site-packages/telegram/request/_httpxrequest.py", line 316, in do_request
    raise NetworkError(f"httpx.{err.__class__.__name__}: {err}") from err
telegram.error.NetworkError: httpx.ConnectError: [Errno -3] Temporary failure in name resolution
2024-11-07 22:15:52,098 - HTTP Request: POST https://api.telegram.org/bot7588833711:AAGh4QsiTRsFFCqEYdxJczgszrkUFJGNwus/getUpdates "HTTP/1.1 200 OK"
2024-11-07 22:16:02,214 - HTTP Request: POST https://api.telegram.org/bot7588833711:AAGh4QsiTRsFFCqEYdxJczgszrkUFJGNwus/getUpdates "HTTP/1.1 200 OK"
2024-11-07 22:16:12,360 - HTTP Request: POST https://api.telegram.org/bot7588833711:AAGh4QsiTRsFFCqEYdxJczgszrkUFJGNwus/getUpdates "HTTP/1.1 200 OK"
2024-11-07 22:16:22,527 - HTTP Request: POST https://api.telegram.org/bot7588833711:AAGh4QsiTRsFFCqEYdxJczgszrkUFJGNwus/getUpdates "HTTP/1.1 200 OK"
2024-11-07 22:16:32,659 - HTTP Request: POST https://api.telegram.org/bot7588833711:AAGh4QsiTRsFFCqEYdxJczgszrkUFJGNwus/getUpdates "HTTP/1.1 200 OK"
2024-11-07 22:16:43,095 - HTTP Request: POST https://api.telegram.org/bot7588833711:AAGh4QsiTRsFFCqEYdxJczgszrkUFJGNwus/getUpdates "HTTP/1.1 200 OK"
2024-11-07 22:16:53,237 - HTTP Request: POST https://api.telegram.org/bot7588833711:AAGh4QsiTRsFFCqEYdxJczgszrkUFJGNwus/getUpdates "HTTP/1.1 200 OK"
2024-11-07 22:17:03,529 - HTTP Request: POST https://api.telegram.org/bot7588833711:AAGh4QsiTRsFFCqEYdxJczgszrkUFJGNwus/getUpdates "HTTP/1.1 200 OK"
2024-11-07 22:17:13,756 - HTTP Request: POST https://api.telegram.org/bot7588833711:AAGh4QsiTRsFFCqEYdxJczgszrkUFJGNwus/getUpdates "HTTP/1.1 200 OK"
2024-11-07 22:17:28,778 - No error handlers are registered, logging exception.
Traceback (most recent call last):
  File "/home/jabez/.cache/pypoetry/virtualenvs/kebede-bot-4wRYckUS-py3.12/lib/python3.12/site-packages/httpx/_transports/default.py", line 72, in map_httpcore_exceptions
    yield
  File "/home/jabez/.cache/pypoetry/virtualenvs/kebede-bot-4wRYckUS-py3.12/lib/python3.12/site-packages/httpx/_transports/default.py", line 377, in handle_async_request
    resp = await self._pool.handle_async_request(req)
           ^^^^^^^^^^^^^^^^^^^^^^^^^^^^^^^^^^^^^^^^^^
  File "/home/jabez/.cache/pypoetry/virtualenvs/kebede-bot-4wRYckUS-py3.12/lib/python3.12/site-packages/httpcore/_async/connection_pool.py", line 216, in handle_async_request
    raise exc from None
  File "/home/jabez/.cache/pypoetry/virtualenvs/kebede-bot-4wRYckUS-py3.12/lib/python3.12/site-packages/httpcore/_async/connection_pool.py", line 196, in handle_async_request
    response = await connection.handle_async_request(
               ^^^^^^^^^^^^^^^^^^^^^^^^^^^^^^^^^^^^^^
  File "/home/jabez/.cache/pypoetry/virtualenvs/kebede-bot-4wRYckUS-py3.12/lib/python3.12/site-packages/httpcore/_async/connection.py", line 99, in handle_async_request
    raise exc
  File "/home/jabez/.cache/pypoetry/virtualenvs/kebede-bot-4wRYckUS-py3.12/lib/python3.12/site-packages/httpcore/_async/connection.py", line 76, in handle_async_request
    stream = await self._connect(request)
             ^^^^^^^^^^^^^^^^^^^^^^^^^^^^
  File "/home/jabez/.cache/pypoetry/virtualenvs/kebede-bot-4wRYckUS-py3.12/lib/python3.12/site-packages/httpcore/_async/connection.py", line 122, in _connect
    stream = await self._network_backend.connect_tcp(**kwargs)
             ^^^^^^^^^^^^^^^^^^^^^^^^^^^^^^^^^^^^^^^^^^^^^^^^^
  File "/home/jabez/.cache/pypoetry/virtualenvs/kebede-bot-4wRYckUS-py3.12/lib/python3.12/site-packages/httpcore/_backends/auto.py", line 30, in connect_tcp
    return await self._backend.connect_tcp(
           ^^^^^^^^^^^^^^^^^^^^^^^^^^^^^^^^
  File "/home/jabez/.cache/pypoetry/virtualenvs/kebede-bot-4wRYckUS-py3.12/lib/python3.12/site-packages/httpcore/_backends/anyio.py", line 115, in connect_tcp
    with map_exceptions(exc_map):
  File "/usr/lib/python3.12/contextlib.py", line 158, in __exit__
    self.gen.throw(value)
  File "/home/jabez/.cache/pypoetry/virtualenvs/kebede-bot-4wRYckUS-py3.12/lib/python3.12/site-packages/httpcore/_exceptions.py", line 14, in map_exceptions
    raise to_exc(exc) from exc
httpcore.ConnectError: [Errno -3] Temporary failure in name resolution

The above exception was the direct cause of the following exception:

Traceback (most recent call last):
  File "/home/jabez/.cache/pypoetry/virtualenvs/kebede-bot-4wRYckUS-py3.12/lib/python3.12/site-packages/telegram/request/_httpxrequest.py", line 292, in do_request
    res = await self._client.request(
          ^^^^^^^^^^^^^^^^^^^^^^^^^^^
  File "/home/jabez/.cache/pypoetry/virtualenvs/kebede-bot-4wRYckUS-py3.12/lib/python3.12/site-packages/httpx/_client.py", line 1585, in request
    return await self.send(request, auth=auth, follow_redirects=follow_redirects)
           ^^^^^^^^^^^^^^^^^^^^^^^^^^^^^^^^^^^^^^^^^^^^^^^^^^^^^^^^^^^^^^^^^^^^^^
  File "/home/jabez/.cache/pypoetry/virtualenvs/kebede-bot-4wRYckUS-py3.12/lib/python3.12/site-packages/httpx/_client.py", line 1674, in send
    response = await self._send_handling_auth(
               ^^^^^^^^^^^^^^^^^^^^^^^^^^^^^^^
  File "/home/jabez/.cache/pypoetry/virtualenvs/kebede-bot-4wRYckUS-py3.12/lib/python3.12/site-packages/httpx/_client.py", line 1702, in _send_handling_auth
    response = await self._send_handling_redirects(
               ^^^^^^^^^^^^^^^^^^^^^^^^^^^^^^^^^^^^
  File "/home/jabez/.cache/pypoetry/virtualenvs/kebede-bot-4wRYckUS-py3.12/lib/python3.12/site-packages/httpx/_client.py", line 1739, in _send_handling_redirects
    response = await self._send_single_request(request)
               ^^^^^^^^^^^^^^^^^^^^^^^^^^^^^^^^^^^^^^^^
  File "/home/jabez/.cache/pypoetry/virtualenvs/kebede-bot-4wRYckUS-py3.12/lib/python3.12/site-packages/httpx/_client.py", line 1776, in _send_single_request
    response = await transport.handle_async_request(request)
               ^^^^^^^^^^^^^^^^^^^^^^^^^^^^^^^^^^^^^^^^^^^^^
  File "/home/jabez/.cache/pypoetry/virtualenvs/kebede-bot-4wRYckUS-py3.12/lib/python3.12/site-packages/httpx/_transports/default.py", line 376, in handle_async_request
    with map_httpcore_exceptions():
  File "/usr/lib/python3.12/contextlib.py", line 158, in __exit__
    self.gen.throw(value)
  File "/home/jabez/.cache/pypoetry/virtualenvs/kebede-bot-4wRYckUS-py3.12/lib/python3.12/site-packages/httpx/_transports/default.py", line 89, in map_httpcore_exceptions
    raise mapped_exc(message) from exc
httpx.ConnectError: [Errno -3] Temporary failure in name resolution

The above exception was the direct cause of the following exception:

Traceback (most recent call last):
  File "/home/jabez/.cache/pypoetry/virtualenvs/kebede-bot-4wRYckUS-py3.12/lib/python3.12/site-packages/telegram/ext/_updater.py", line 753, in _network_loop_retry
    if not await do_action():
           ^^^^^^^^^^^^^^^^^
  File "/home/jabez/.cache/pypoetry/virtualenvs/kebede-bot-4wRYckUS-py3.12/lib/python3.12/site-packages/telegram/ext/_updater.py", line 747, in do_action
    return action_cb_task.result()
           ^^^^^^^^^^^^^^^^^^^^^^^
  File "/home/jabez/.cache/pypoetry/virtualenvs/kebede-bot-4wRYckUS-py3.12/lib/python3.12/site-packages/telegram/ext/_updater.py", line 377, in polling_action_cb
    updates = await self.bot.get_updates(
              ^^^^^^^^^^^^^^^^^^^^^^^^^^^
  File "/home/jabez/.cache/pypoetry/virtualenvs/kebede-bot-4wRYckUS-py3.12/lib/python3.12/site-packages/telegram/ext/_extbot.py", line 649, in get_updates
    updates = await super().get_updates(
              ^^^^^^^^^^^^^^^^^^^^^^^^^^
  File "/home/jabez/.cache/pypoetry/virtualenvs/kebede-bot-4wRYckUS-py3.12/lib/python3.12/site-packages/telegram/_bot.py", line 4366, in get_updates
    await self._post(
  File "/home/jabez/.cache/pypoetry/virtualenvs/kebede-bot-4wRYckUS-py3.12/lib/python3.12/site-packages/telegram/_bot.py", line 623, in _post
    return await self._do_post(
           ^^^^^^^^^^^^^^^^^^^^
  File "/home/jabez/.cache/pypoetry/virtualenvs/kebede-bot-4wRYckUS-py3.12/lib/python3.12/site-packages/telegram/ext/_extbot.py", line 355, in _do_post
    return await super()._do_post(
           ^^^^^^^^^^^^^^^^^^^^^^^
  File "/home/jabez/.cache/pypoetry/virtualenvs/kebede-bot-4wRYckUS-py3.12/lib/python3.12/site-packages/telegram/_bot.py", line 652, in _do_post
    result = await request.post(
             ^^^^^^^^^^^^^^^^^^^
  File "/home/jabez/.cache/pypoetry/virtualenvs/kebede-bot-4wRYckUS-py3.12/lib/python3.12/site-packages/telegram/request/_baserequest.py", line 201, in post
    result = await self._request_wrapper(
             ^^^^^^^^^^^^^^^^^^^^^^^^^^^^
  File "/home/jabez/.cache/pypoetry/virtualenvs/kebede-bot-4wRYckUS-py3.12/lib/python3.12/site-packages/telegram/request/_baserequest.py", line 333, in _request_wrapper
    code, payload = await self.do_request(
                    ^^^^^^^^^^^^^^^^^^^^^^
  File "/home/jabez/.cache/pypoetry/virtualenvs/kebede-bot-4wRYckUS-py3.12/lib/python3.12/site-packages/telegram/request/_httpxrequest.py", line 316, in do_request
    raise NetworkError(f"httpx.{err.__class__.__name__}: {err}") from err
telegram.error.NetworkError: httpx.ConnectError: [Errno -3] Temporary failure in name resolution
2024-11-07 22:17:29,785 - No error handlers are registered, logging exception.
Traceback (most recent call last):
  File "/home/jabez/.cache/pypoetry/virtualenvs/kebede-bot-4wRYckUS-py3.12/lib/python3.12/site-packages/httpx/_transports/default.py", line 72, in map_httpcore_exceptions
    yield
  File "/home/jabez/.cache/pypoetry/virtualenvs/kebede-bot-4wRYckUS-py3.12/lib/python3.12/site-packages/httpx/_transports/default.py", line 377, in handle_async_request
    resp = await self._pool.handle_async_request(req)
           ^^^^^^^^^^^^^^^^^^^^^^^^^^^^^^^^^^^^^^^^^^
  File "/home/jabez/.cache/pypoetry/virtualenvs/kebede-bot-4wRYckUS-py3.12/lib/python3.12/site-packages/httpcore/_async/connection_pool.py", line 216, in handle_async_request
    raise exc from None
  File "/home/jabez/.cache/pypoetry/virtualenvs/kebede-bot-4wRYckUS-py3.12/lib/python3.12/site-packages/httpcore/_async/connection_pool.py", line 196, in handle_async_request
    response = await connection.handle_async_request(
               ^^^^^^^^^^^^^^^^^^^^^^^^^^^^^^^^^^^^^^
  File "/home/jabez/.cache/pypoetry/virtualenvs/kebede-bot-4wRYckUS-py3.12/lib/python3.12/site-packages/httpcore/_async/connection.py", line 99, in handle_async_request
    raise exc
  File "/home/jabez/.cache/pypoetry/virtualenvs/kebede-bot-4wRYckUS-py3.12/lib/python3.12/site-packages/httpcore/_async/connection.py", line 76, in handle_async_request
    stream = await self._connect(request)
             ^^^^^^^^^^^^^^^^^^^^^^^^^^^^
  File "/home/jabez/.cache/pypoetry/virtualenvs/kebede-bot-4wRYckUS-py3.12/lib/python3.12/site-packages/httpcore/_async/connection.py", line 122, in _connect
    stream = await self._network_backend.connect_tcp(**kwargs)
             ^^^^^^^^^^^^^^^^^^^^^^^^^^^^^^^^^^^^^^^^^^^^^^^^^
  File "/home/jabez/.cache/pypoetry/virtualenvs/kebede-bot-4wRYckUS-py3.12/lib/python3.12/site-packages/httpcore/_backends/auto.py", line 30, in connect_tcp
    return await self._backend.connect_tcp(
           ^^^^^^^^^^^^^^^^^^^^^^^^^^^^^^^^
  File "/home/jabez/.cache/pypoetry/virtualenvs/kebede-bot-4wRYckUS-py3.12/lib/python3.12/site-packages/httpcore/_backends/anyio.py", line 115, in connect_tcp
    with map_exceptions(exc_map):
  File "/usr/lib/python3.12/contextlib.py", line 158, in __exit__
    self.gen.throw(value)
  File "/home/jabez/.cache/pypoetry/virtualenvs/kebede-bot-4wRYckUS-py3.12/lib/python3.12/site-packages/httpcore/_exceptions.py", line 14, in map_exceptions
    raise to_exc(exc) from exc
httpcore.ConnectError: [Errno -3] Temporary failure in name resolution

The above exception was the direct cause of the following exception:

Traceback (most recent call last):
  File "/home/jabez/.cache/pypoetry/virtualenvs/kebede-bot-4wRYckUS-py3.12/lib/python3.12/site-packages/telegram/request/_httpxrequest.py", line 292, in do_request
    res = await self._client.request(
          ^^^^^^^^^^^^^^^^^^^^^^^^^^^
  File "/home/jabez/.cache/pypoetry/virtualenvs/kebede-bot-4wRYckUS-py3.12/lib/python3.12/site-packages/httpx/_client.py", line 1585, in request
    return await self.send(request, auth=auth, follow_redirects=follow_redirects)
           ^^^^^^^^^^^^^^^^^^^^^^^^^^^^^^^^^^^^^^^^^^^^^^^^^^^^^^^^^^^^^^^^^^^^^^
  File "/home/jabez/.cache/pypoetry/virtualenvs/kebede-bot-4wRYckUS-py3.12/lib/python3.12/site-packages/httpx/_client.py", line 1674, in send
    response = await self._send_handling_auth(
               ^^^^^^^^^^^^^^^^^^^^^^^^^^^^^^^
  File "/home/jabez/.cache/pypoetry/virtualenvs/kebede-bot-4wRYckUS-py3.12/lib/python3.12/site-packages/httpx/_client.py", line 1702, in _send_handling_auth
    response = await self._send_handling_redirects(
               ^^^^^^^^^^^^^^^^^^^^^^^^^^^^^^^^^^^^
  File "/home/jabez/.cache/pypoetry/virtualenvs/kebede-bot-4wRYckUS-py3.12/lib/python3.12/site-packages/httpx/_client.py", line 1739, in _send_handling_redirects
    response = await self._send_single_request(request)
               ^^^^^^^^^^^^^^^^^^^^^^^^^^^^^^^^^^^^^^^^
  File "/home/jabez/.cache/pypoetry/virtualenvs/kebede-bot-4wRYckUS-py3.12/lib/python3.12/site-packages/httpx/_client.py", line 1776, in _send_single_request
    response = await transport.handle_async_request(request)
               ^^^^^^^^^^^^^^^^^^^^^^^^^^^^^^^^^^^^^^^^^^^^^
  File "/home/jabez/.cache/pypoetry/virtualenvs/kebede-bot-4wRYckUS-py3.12/lib/python3.12/site-packages/httpx/_transports/default.py", line 376, in handle_async_request
    with map_httpcore_exceptions():
  File "/usr/lib/python3.12/contextlib.py", line 158, in __exit__
    self.gen.throw(value)
  File "/home/jabez/.cache/pypoetry/virtualenvs/kebede-bot-4wRYckUS-py3.12/lib/python3.12/site-packages/httpx/_transports/default.py", line 89, in map_httpcore_exceptions
    raise mapped_exc(message) from exc
httpx.ConnectError: [Errno -3] Temporary failure in name resolution

The above exception was the direct cause of the following exception:

Traceback (most recent call last):
  File "/home/jabez/.cache/pypoetry/virtualenvs/kebede-bot-4wRYckUS-py3.12/lib/python3.12/site-packages/telegram/ext/_updater.py", line 753, in _network_loop_retry
    if not await do_action():
           ^^^^^^^^^^^^^^^^^
  File "/home/jabez/.cache/pypoetry/virtualenvs/kebede-bot-4wRYckUS-py3.12/lib/python3.12/site-packages/telegram/ext/_updater.py", line 747, in do_action
    return action_cb_task.result()
           ^^^^^^^^^^^^^^^^^^^^^^^
  File "/home/jabez/.cache/pypoetry/virtualenvs/kebede-bot-4wRYckUS-py3.12/lib/python3.12/site-packages/telegram/ext/_updater.py", line 377, in polling_action_cb
    updates = await self.bot.get_updates(
              ^^^^^^^^^^^^^^^^^^^^^^^^^^^
  File "/home/jabez/.cache/pypoetry/virtualenvs/kebede-bot-4wRYckUS-py3.12/lib/python3.12/site-packages/telegram/ext/_extbot.py", line 649, in get_updates
    updates = await super().get_updates(
              ^^^^^^^^^^^^^^^^^^^^^^^^^^
  File "/home/jabez/.cache/pypoetry/virtualenvs/kebede-bot-4wRYckUS-py3.12/lib/python3.12/site-packages/telegram/_bot.py", line 4366, in get_updates
    await self._post(
  File "/home/jabez/.cache/pypoetry/virtualenvs/kebede-bot-4wRYckUS-py3.12/lib/python3.12/site-packages/telegram/_bot.py", line 623, in _post
    return await self._do_post(
           ^^^^^^^^^^^^^^^^^^^^
  File "/home/jabez/.cache/pypoetry/virtualenvs/kebede-bot-4wRYckUS-py3.12/lib/python3.12/site-packages/telegram/ext/_extbot.py", line 355, in _do_post
    return await super()._do_post(
           ^^^^^^^^^^^^^^^^^^^^^^^
  File "/home/jabez/.cache/pypoetry/virtualenvs/kebede-bot-4wRYckUS-py3.12/lib/python3.12/site-packages/telegram/_bot.py", line 652, in _do_post
    result = await request.post(
             ^^^^^^^^^^^^^^^^^^^
  File "/home/jabez/.cache/pypoetry/virtualenvs/kebede-bot-4wRYckUS-py3.12/lib/python3.12/site-packages/telegram/request/_baserequest.py", line 201, in post
    result = await self._request_wrapper(
             ^^^^^^^^^^^^^^^^^^^^^^^^^^^^
  File "/home/jabez/.cache/pypoetry/virtualenvs/kebede-bot-4wRYckUS-py3.12/lib/python3.12/site-packages/telegram/request/_baserequest.py", line 333, in _request_wrapper
    code, payload = await self.do_request(
                    ^^^^^^^^^^^^^^^^^^^^^^
  File "/home/jabez/.cache/pypoetry/virtualenvs/kebede-bot-4wRYckUS-py3.12/lib/python3.12/site-packages/telegram/request/_httpxrequest.py", line 316, in do_request
    raise NetworkError(f"httpx.{err.__class__.__name__}: {err}") from err
telegram.error.NetworkError: httpx.ConnectError: [Errno -3] Temporary failure in name resolution
2024-11-07 22:17:31,290 - No error handlers are registered, logging exception.
Traceback (most recent call last):
  File "/home/jabez/.cache/pypoetry/virtualenvs/kebede-bot-4wRYckUS-py3.12/lib/python3.12/site-packages/httpx/_transports/default.py", line 72, in map_httpcore_exceptions
    yield
  File "/home/jabez/.cache/pypoetry/virtualenvs/kebede-bot-4wRYckUS-py3.12/lib/python3.12/site-packages/httpx/_transports/default.py", line 377, in handle_async_request
    resp = await self._pool.handle_async_request(req)
           ^^^^^^^^^^^^^^^^^^^^^^^^^^^^^^^^^^^^^^^^^^
  File "/home/jabez/.cache/pypoetry/virtualenvs/kebede-bot-4wRYckUS-py3.12/lib/python3.12/site-packages/httpcore/_async/connection_pool.py", line 216, in handle_async_request
    raise exc from None
  File "/home/jabez/.cache/pypoetry/virtualenvs/kebede-bot-4wRYckUS-py3.12/lib/python3.12/site-packages/httpcore/_async/connection_pool.py", line 196, in handle_async_request
    response = await connection.handle_async_request(
               ^^^^^^^^^^^^^^^^^^^^^^^^^^^^^^^^^^^^^^
  File "/home/jabez/.cache/pypoetry/virtualenvs/kebede-bot-4wRYckUS-py3.12/lib/python3.12/site-packages/httpcore/_async/connection.py", line 99, in handle_async_request
    raise exc
  File "/home/jabez/.cache/pypoetry/virtualenvs/kebede-bot-4wRYckUS-py3.12/lib/python3.12/site-packages/httpcore/_async/connection.py", line 76, in handle_async_request
    stream = await self._connect(request)
             ^^^^^^^^^^^^^^^^^^^^^^^^^^^^
  File "/home/jabez/.cache/pypoetry/virtualenvs/kebede-bot-4wRYckUS-py3.12/lib/python3.12/site-packages/httpcore/_async/connection.py", line 122, in _connect
    stream = await self._network_backend.connect_tcp(**kwargs)
             ^^^^^^^^^^^^^^^^^^^^^^^^^^^^^^^^^^^^^^^^^^^^^^^^^
  File "/home/jabez/.cache/pypoetry/virtualenvs/kebede-bot-4wRYckUS-py3.12/lib/python3.12/site-packages/httpcore/_backends/auto.py", line 30, in connect_tcp
    return await self._backend.connect_tcp(
           ^^^^^^^^^^^^^^^^^^^^^^^^^^^^^^^^
  File "/home/jabez/.cache/pypoetry/virtualenvs/kebede-bot-4wRYckUS-py3.12/lib/python3.12/site-packages/httpcore/_backends/anyio.py", line 115, in connect_tcp
    with map_exceptions(exc_map):
  File "/usr/lib/python3.12/contextlib.py", line 158, in __exit__
    self.gen.throw(value)
  File "/home/jabez/.cache/pypoetry/virtualenvs/kebede-bot-4wRYckUS-py3.12/lib/python3.12/site-packages/httpcore/_exceptions.py", line 14, in map_exceptions
    raise to_exc(exc) from exc
httpcore.ConnectError: [Errno -3] Temporary failure in name resolution

The above exception was the direct cause of the following exception:

Traceback (most recent call last):
  File "/home/jabez/.cache/pypoetry/virtualenvs/kebede-bot-4wRYckUS-py3.12/lib/python3.12/site-packages/telegram/request/_httpxrequest.py", line 292, in do_request
    res = await self._client.request(
          ^^^^^^^^^^^^^^^^^^^^^^^^^^^
  File "/home/jabez/.cache/pypoetry/virtualenvs/kebede-bot-4wRYckUS-py3.12/lib/python3.12/site-packages/httpx/_client.py", line 1585, in request
    return await self.send(request, auth=auth, follow_redirects=follow_redirects)
           ^^^^^^^^^^^^^^^^^^^^^^^^^^^^^^^^^^^^^^^^^^^^^^^^^^^^^^^^^^^^^^^^^^^^^^
  File "/home/jabez/.cache/pypoetry/virtualenvs/kebede-bot-4wRYckUS-py3.12/lib/python3.12/site-packages/httpx/_client.py", line 1674, in send
    response = await self._send_handling_auth(
               ^^^^^^^^^^^^^^^^^^^^^^^^^^^^^^^
  File "/home/jabez/.cache/pypoetry/virtualenvs/kebede-bot-4wRYckUS-py3.12/lib/python3.12/site-packages/httpx/_client.py", line 1702, in _send_handling_auth
    response = await self._send_handling_redirects(
               ^^^^^^^^^^^^^^^^^^^^^^^^^^^^^^^^^^^^
  File "/home/jabez/.cache/pypoetry/virtualenvs/kebede-bot-4wRYckUS-py3.12/lib/python3.12/site-packages/httpx/_client.py", line 1739, in _send_handling_redirects
    response = await self._send_single_request(request)
               ^^^^^^^^^^^^^^^^^^^^^^^^^^^^^^^^^^^^^^^^
  File "/home/jabez/.cache/pypoetry/virtualenvs/kebede-bot-4wRYckUS-py3.12/lib/python3.12/site-packages/httpx/_client.py", line 1776, in _send_single_request
    response = await transport.handle_async_request(request)
               ^^^^^^^^^^^^^^^^^^^^^^^^^^^^^^^^^^^^^^^^^^^^^
  File "/home/jabez/.cache/pypoetry/virtualenvs/kebede-bot-4wRYckUS-py3.12/lib/python3.12/site-packages/httpx/_transports/default.py", line 376, in handle_async_request
    with map_httpcore_exceptions():
  File "/usr/lib/python3.12/contextlib.py", line 158, in __exit__
    self.gen.throw(value)
  File "/home/jabez/.cache/pypoetry/virtualenvs/kebede-bot-4wRYckUS-py3.12/lib/python3.12/site-packages/httpx/_transports/default.py", line 89, in map_httpcore_exceptions
    raise mapped_exc(message) from exc
httpx.ConnectError: [Errno -3] Temporary failure in name resolution

The above exception was the direct cause of the following exception:

Traceback (most recent call last):
  File "/home/jabez/.cache/pypoetry/virtualenvs/kebede-bot-4wRYckUS-py3.12/lib/python3.12/site-packages/telegram/ext/_updater.py", line 753, in _network_loop_retry
    if not await do_action():
           ^^^^^^^^^^^^^^^^^
  File "/home/jabez/.cache/pypoetry/virtualenvs/kebede-bot-4wRYckUS-py3.12/lib/python3.12/site-packages/telegram/ext/_updater.py", line 747, in do_action
    return action_cb_task.result()
           ^^^^^^^^^^^^^^^^^^^^^^^
  File "/home/jabez/.cache/pypoetry/virtualenvs/kebede-bot-4wRYckUS-py3.12/lib/python3.12/site-packages/telegram/ext/_updater.py", line 377, in polling_action_cb
    updates = await self.bot.get_updates(
              ^^^^^^^^^^^^^^^^^^^^^^^^^^^
  File "/home/jabez/.cache/pypoetry/virtualenvs/kebede-bot-4wRYckUS-py3.12/lib/python3.12/site-packages/telegram/ext/_extbot.py", line 649, in get_updates
    updates = await super().get_updates(
              ^^^^^^^^^^^^^^^^^^^^^^^^^^
  File "/home/jabez/.cache/pypoetry/virtualenvs/kebede-bot-4wRYckUS-py3.12/lib/python3.12/site-packages/telegram/_bot.py", line 4366, in get_updates
    await self._post(
  File "/home/jabez/.cache/pypoetry/virtualenvs/kebede-bot-4wRYckUS-py3.12/lib/python3.12/site-packages/telegram/_bot.py", line 623, in _post
    return await self._do_post(
           ^^^^^^^^^^^^^^^^^^^^
  File "/home/jabez/.cache/pypoetry/virtualenvs/kebede-bot-4wRYckUS-py3.12/lib/python3.12/site-packages/telegram/ext/_extbot.py", line 355, in _do_post
    return await super()._do_post(
           ^^^^^^^^^^^^^^^^^^^^^^^
  File "/home/jabez/.cache/pypoetry/virtualenvs/kebede-bot-4wRYckUS-py3.12/lib/python3.12/site-packages/telegram/_bot.py", line 652, in _do_post
    result = await request.post(
             ^^^^^^^^^^^^^^^^^^^
  File "/home/jabez/.cache/pypoetry/virtualenvs/kebede-bot-4wRYckUS-py3.12/lib/python3.12/site-packages/telegram/request/_baserequest.py", line 201, in post
    result = await self._request_wrapper(
             ^^^^^^^^^^^^^^^^^^^^^^^^^^^^
  File "/home/jabez/.cache/pypoetry/virtualenvs/kebede-bot-4wRYckUS-py3.12/lib/python3.12/site-packages/telegram/request/_baserequest.py", line 333, in _request_wrapper
    code, payload = await self.do_request(
                    ^^^^^^^^^^^^^^^^^^^^^^
  File "/home/jabez/.cache/pypoetry/virtualenvs/kebede-bot-4wRYckUS-py3.12/lib/python3.12/site-packages/telegram/request/_httpxrequest.py", line 316, in do_request
    raise NetworkError(f"httpx.{err.__class__.__name__}: {err}") from err
telegram.error.NetworkError: httpx.ConnectError: [Errno -3] Temporary failure in name resolution
2024-11-07 22:17:33,573 - No error handlers are registered, logging exception.
Traceback (most recent call last):
  File "/home/jabez/.cache/pypoetry/virtualenvs/kebede-bot-4wRYckUS-py3.12/lib/python3.12/site-packages/httpx/_transports/default.py", line 72, in map_httpcore_exceptions
    yield
  File "/home/jabez/.cache/pypoetry/virtualenvs/kebede-bot-4wRYckUS-py3.12/lib/python3.12/site-packages/httpx/_transports/default.py", line 377, in handle_async_request
    resp = await self._pool.handle_async_request(req)
           ^^^^^^^^^^^^^^^^^^^^^^^^^^^^^^^^^^^^^^^^^^
  File "/home/jabez/.cache/pypoetry/virtualenvs/kebede-bot-4wRYckUS-py3.12/lib/python3.12/site-packages/httpcore/_async/connection_pool.py", line 216, in handle_async_request
    raise exc from None
  File "/home/jabez/.cache/pypoetry/virtualenvs/kebede-bot-4wRYckUS-py3.12/lib/python3.12/site-packages/httpcore/_async/connection_pool.py", line 196, in handle_async_request
    response = await connection.handle_async_request(
               ^^^^^^^^^^^^^^^^^^^^^^^^^^^^^^^^^^^^^^
  File "/home/jabez/.cache/pypoetry/virtualenvs/kebede-bot-4wRYckUS-py3.12/lib/python3.12/site-packages/httpcore/_async/connection.py", line 99, in handle_async_request
    raise exc
  File "/home/jabez/.cache/pypoetry/virtualenvs/kebede-bot-4wRYckUS-py3.12/lib/python3.12/site-packages/httpcore/_async/connection.py", line 76, in handle_async_request
    stream = await self._connect(request)
             ^^^^^^^^^^^^^^^^^^^^^^^^^^^^
  File "/home/jabez/.cache/pypoetry/virtualenvs/kebede-bot-4wRYckUS-py3.12/lib/python3.12/site-packages/httpcore/_async/connection.py", line 122, in _connect
    stream = await self._network_backend.connect_tcp(**kwargs)
             ^^^^^^^^^^^^^^^^^^^^^^^^^^^^^^^^^^^^^^^^^^^^^^^^^
  File "/home/jabez/.cache/pypoetry/virtualenvs/kebede-bot-4wRYckUS-py3.12/lib/python3.12/site-packages/httpcore/_backends/auto.py", line 30, in connect_tcp
    return await self._backend.connect_tcp(
           ^^^^^^^^^^^^^^^^^^^^^^^^^^^^^^^^
  File "/home/jabez/.cache/pypoetry/virtualenvs/kebede-bot-4wRYckUS-py3.12/lib/python3.12/site-packages/httpcore/_backends/anyio.py", line 115, in connect_tcp
    with map_exceptions(exc_map):
  File "/usr/lib/python3.12/contextlib.py", line 158, in __exit__
    self.gen.throw(value)
  File "/home/jabez/.cache/pypoetry/virtualenvs/kebede-bot-4wRYckUS-py3.12/lib/python3.12/site-packages/httpcore/_exceptions.py", line 14, in map_exceptions
    raise to_exc(exc) from exc
httpcore.ConnectError: [Errno -3] Temporary failure in name resolution

The above exception was the direct cause of the following exception:

Traceback (most recent call last):
  File "/home/jabez/.cache/pypoetry/virtualenvs/kebede-bot-4wRYckUS-py3.12/lib/python3.12/site-packages/telegram/request/_httpxrequest.py", line 292, in do_request
    res = await self._client.request(
          ^^^^^^^^^^^^^^^^^^^^^^^^^^^
  File "/home/jabez/.cache/pypoetry/virtualenvs/kebede-bot-4wRYckUS-py3.12/lib/python3.12/site-packages/httpx/_client.py", line 1585, in request
    return await self.send(request, auth=auth, follow_redirects=follow_redirects)
           ^^^^^^^^^^^^^^^^^^^^^^^^^^^^^^^^^^^^^^^^^^^^^^^^^^^^^^^^^^^^^^^^^^^^^^
  File "/home/jabez/.cache/pypoetry/virtualenvs/kebede-bot-4wRYckUS-py3.12/lib/python3.12/site-packages/httpx/_client.py", line 1674, in send
    response = await self._send_handling_auth(
               ^^^^^^^^^^^^^^^^^^^^^^^^^^^^^^^
  File "/home/jabez/.cache/pypoetry/virtualenvs/kebede-bot-4wRYckUS-py3.12/lib/python3.12/site-packages/httpx/_client.py", line 1702, in _send_handling_auth
    response = await self._send_handling_redirects(
               ^^^^^^^^^^^^^^^^^^^^^^^^^^^^^^^^^^^^
  File "/home/jabez/.cache/pypoetry/virtualenvs/kebede-bot-4wRYckUS-py3.12/lib/python3.12/site-packages/httpx/_client.py", line 1739, in _send_handling_redirects
    response = await self._send_single_request(request)
               ^^^^^^^^^^^^^^^^^^^^^^^^^^^^^^^^^^^^^^^^
  File "/home/jabez/.cache/pypoetry/virtualenvs/kebede-bot-4wRYckUS-py3.12/lib/python3.12/site-packages/httpx/_client.py", line 1776, in _send_single_request
    response = await transport.handle_async_request(request)
               ^^^^^^^^^^^^^^^^^^^^^^^^^^^^^^^^^^^^^^^^^^^^^
  File "/home/jabez/.cache/pypoetry/virtualenvs/kebede-bot-4wRYckUS-py3.12/lib/python3.12/site-packages/httpx/_transports/default.py", line 376, in handle_async_request
    with map_httpcore_exceptions():
  File "/usr/lib/python3.12/contextlib.py", line 158, in __exit__
    self.gen.throw(value)
  File "/home/jabez/.cache/pypoetry/virtualenvs/kebede-bot-4wRYckUS-py3.12/lib/python3.12/site-packages/httpx/_transports/default.py", line 89, in map_httpcore_exceptions
    raise mapped_exc(message) from exc
httpx.ConnectError: [Errno -3] Temporary failure in name resolution

The above exception was the direct cause of the following exception:

Traceback (most recent call last):
  File "/home/jabez/.cache/pypoetry/virtualenvs/kebede-bot-4wRYckUS-py3.12/lib/python3.12/site-packages/telegram/ext/_updater.py", line 753, in _network_loop_retry
    if not await do_action():
           ^^^^^^^^^^^^^^^^^
  File "/home/jabez/.cache/pypoetry/virtualenvs/kebede-bot-4wRYckUS-py3.12/lib/python3.12/site-packages/telegram/ext/_updater.py", line 747, in do_action
    return action_cb_task.result()
           ^^^^^^^^^^^^^^^^^^^^^^^
  File "/home/jabez/.cache/pypoetry/virtualenvs/kebede-bot-4wRYckUS-py3.12/lib/python3.12/site-packages/telegram/ext/_updater.py", line 377, in polling_action_cb
    updates = await self.bot.get_updates(
              ^^^^^^^^^^^^^^^^^^^^^^^^^^^
  File "/home/jabez/.cache/pypoetry/virtualenvs/kebede-bot-4wRYckUS-py3.12/lib/python3.12/site-packages/telegram/ext/_extbot.py", line 649, in get_updates
    updates = await super().get_updates(
              ^^^^^^^^^^^^^^^^^^^^^^^^^^
  File "/home/jabez/.cache/pypoetry/virtualenvs/kebede-bot-4wRYckUS-py3.12/lib/python3.12/site-packages/telegram/_bot.py", line 4366, in get_updates
    await self._post(
  File "/home/jabez/.cache/pypoetry/virtualenvs/kebede-bot-4wRYckUS-py3.12/lib/python3.12/site-packages/telegram/_bot.py", line 623, in _post
    return await self._do_post(
           ^^^^^^^^^^^^^^^^^^^^
  File "/home/jabez/.cache/pypoetry/virtualenvs/kebede-bot-4wRYckUS-py3.12/lib/python3.12/site-packages/telegram/ext/_extbot.py", line 355, in _do_post
    return await super()._do_post(
           ^^^^^^^^^^^^^^^^^^^^^^^
  File "/home/jabez/.cache/pypoetry/virtualenvs/kebede-bot-4wRYckUS-py3.12/lib/python3.12/site-packages/telegram/_bot.py", line 652, in _do_post
    result = await request.post(
             ^^^^^^^^^^^^^^^^^^^
  File "/home/jabez/.cache/pypoetry/virtualenvs/kebede-bot-4wRYckUS-py3.12/lib/python3.12/site-packages/telegram/request/_baserequest.py", line 201, in post
    result = await self._request_wrapper(
             ^^^^^^^^^^^^^^^^^^^^^^^^^^^^
  File "/home/jabez/.cache/pypoetry/virtualenvs/kebede-bot-4wRYckUS-py3.12/lib/python3.12/site-packages/telegram/request/_baserequest.py", line 333, in _request_wrapper
    code, payload = await self.do_request(
                    ^^^^^^^^^^^^^^^^^^^^^^
  File "/home/jabez/.cache/pypoetry/virtualenvs/kebede-bot-4wRYckUS-py3.12/lib/python3.12/site-packages/telegram/request/_httpxrequest.py", line 316, in do_request
    raise NetworkError(f"httpx.{err.__class__.__name__}: {err}") from err
telegram.error.NetworkError: httpx.ConnectError: [Errno -3] Temporary failure in name resolution
2024-11-07 22:17:36,953 - No error handlers are registered, logging exception.
Traceback (most recent call last):
  File "/home/jabez/.cache/pypoetry/virtualenvs/kebede-bot-4wRYckUS-py3.12/lib/python3.12/site-packages/httpx/_transports/default.py", line 72, in map_httpcore_exceptions
    yield
  File "/home/jabez/.cache/pypoetry/virtualenvs/kebede-bot-4wRYckUS-py3.12/lib/python3.12/site-packages/httpx/_transports/default.py", line 377, in handle_async_request
    resp = await self._pool.handle_async_request(req)
           ^^^^^^^^^^^^^^^^^^^^^^^^^^^^^^^^^^^^^^^^^^
  File "/home/jabez/.cache/pypoetry/virtualenvs/kebede-bot-4wRYckUS-py3.12/lib/python3.12/site-packages/httpcore/_async/connection_pool.py", line 216, in handle_async_request
    raise exc from None
  File "/home/jabez/.cache/pypoetry/virtualenvs/kebede-bot-4wRYckUS-py3.12/lib/python3.12/site-packages/httpcore/_async/connection_pool.py", line 196, in handle_async_request
    response = await connection.handle_async_request(
               ^^^^^^^^^^^^^^^^^^^^^^^^^^^^^^^^^^^^^^
  File "/home/jabez/.cache/pypoetry/virtualenvs/kebede-bot-4wRYckUS-py3.12/lib/python3.12/site-packages/httpcore/_async/connection.py", line 99, in handle_async_request
    raise exc
  File "/home/jabez/.cache/pypoetry/virtualenvs/kebede-bot-4wRYckUS-py3.12/lib/python3.12/site-packages/httpcore/_async/connection.py", line 76, in handle_async_request
    stream = await self._connect(request)
             ^^^^^^^^^^^^^^^^^^^^^^^^^^^^
  File "/home/jabez/.cache/pypoetry/virtualenvs/kebede-bot-4wRYckUS-py3.12/lib/python3.12/site-packages/httpcore/_async/connection.py", line 122, in _connect
    stream = await self._network_backend.connect_tcp(**kwargs)
             ^^^^^^^^^^^^^^^^^^^^^^^^^^^^^^^^^^^^^^^^^^^^^^^^^
  File "/home/jabez/.cache/pypoetry/virtualenvs/kebede-bot-4wRYckUS-py3.12/lib/python3.12/site-packages/httpcore/_backends/auto.py", line 30, in connect_tcp
    return await self._backend.connect_tcp(
           ^^^^^^^^^^^^^^^^^^^^^^^^^^^^^^^^
  File "/home/jabez/.cache/pypoetry/virtualenvs/kebede-bot-4wRYckUS-py3.12/lib/python3.12/site-packages/httpcore/_backends/anyio.py", line 115, in connect_tcp
    with map_exceptions(exc_map):
  File "/usr/lib/python3.12/contextlib.py", line 158, in __exit__
    self.gen.throw(value)
  File "/home/jabez/.cache/pypoetry/virtualenvs/kebede-bot-4wRYckUS-py3.12/lib/python3.12/site-packages/httpcore/_exceptions.py", line 14, in map_exceptions
    raise to_exc(exc) from exc
httpcore.ConnectError: [Errno -3] Temporary failure in name resolution

The above exception was the direct cause of the following exception:

Traceback (most recent call last):
  File "/home/jabez/.cache/pypoetry/virtualenvs/kebede-bot-4wRYckUS-py3.12/lib/python3.12/site-packages/telegram/request/_httpxrequest.py", line 292, in do_request
    res = await self._client.request(
          ^^^^^^^^^^^^^^^^^^^^^^^^^^^
  File "/home/jabez/.cache/pypoetry/virtualenvs/kebede-bot-4wRYckUS-py3.12/lib/python3.12/site-packages/httpx/_client.py", line 1585, in request
    return await self.send(request, auth=auth, follow_redirects=follow_redirects)
           ^^^^^^^^^^^^^^^^^^^^^^^^^^^^^^^^^^^^^^^^^^^^^^^^^^^^^^^^^^^^^^^^^^^^^^
  File "/home/jabez/.cache/pypoetry/virtualenvs/kebede-bot-4wRYckUS-py3.12/lib/python3.12/site-packages/httpx/_client.py", line 1674, in send
    response = await self._send_handling_auth(
               ^^^^^^^^^^^^^^^^^^^^^^^^^^^^^^^
  File "/home/jabez/.cache/pypoetry/virtualenvs/kebede-bot-4wRYckUS-py3.12/lib/python3.12/site-packages/httpx/_client.py", line 1702, in _send_handling_auth
    response = await self._send_handling_redirects(
               ^^^^^^^^^^^^^^^^^^^^^^^^^^^^^^^^^^^^
  File "/home/jabez/.cache/pypoetry/virtualenvs/kebede-bot-4wRYckUS-py3.12/lib/python3.12/site-packages/httpx/_client.py", line 1739, in _send_handling_redirects
    response = await self._send_single_request(request)
               ^^^^^^^^^^^^^^^^^^^^^^^^^^^^^^^^^^^^^^^^
  File "/home/jabez/.cache/pypoetry/virtualenvs/kebede-bot-4wRYckUS-py3.12/lib/python3.12/site-packages/httpx/_client.py", line 1776, in _send_single_request
    response = await transport.handle_async_request(request)
               ^^^^^^^^^^^^^^^^^^^^^^^^^^^^^^^^^^^^^^^^^^^^^
  File "/home/jabez/.cache/pypoetry/virtualenvs/kebede-bot-4wRYckUS-py3.12/lib/python3.12/site-packages/httpx/_transports/default.py", line 376, in handle_async_request
    with map_httpcore_exceptions():
  File "/usr/lib/python3.12/contextlib.py", line 158, in __exit__
    self.gen.throw(value)
  File "/home/jabez/.cache/pypoetry/virtualenvs/kebede-bot-4wRYckUS-py3.12/lib/python3.12/site-packages/httpx/_transports/default.py", line 89, in map_httpcore_exceptions
    raise mapped_exc(message) from exc
httpx.ConnectError: [Errno -3] Temporary failure in name resolution

The above exception was the direct cause of the following exception:

Traceback (most recent call last):
  File "/home/jabez/.cache/pypoetry/virtualenvs/kebede-bot-4wRYckUS-py3.12/lib/python3.12/site-packages/telegram/ext/_updater.py", line 753, in _network_loop_retry
    if not await do_action():
           ^^^^^^^^^^^^^^^^^
  File "/home/jabez/.cache/pypoetry/virtualenvs/kebede-bot-4wRYckUS-py3.12/lib/python3.12/site-packages/telegram/ext/_updater.py", line 747, in do_action
    return action_cb_task.result()
           ^^^^^^^^^^^^^^^^^^^^^^^
  File "/home/jabez/.cache/pypoetry/virtualenvs/kebede-bot-4wRYckUS-py3.12/lib/python3.12/site-packages/telegram/ext/_updater.py", line 377, in polling_action_cb
    updates = await self.bot.get_updates(
              ^^^^^^^^^^^^^^^^^^^^^^^^^^^
  File "/home/jabez/.cache/pypoetry/virtualenvs/kebede-bot-4wRYckUS-py3.12/lib/python3.12/site-packages/telegram/ext/_extbot.py", line 649, in get_updates
    updates = await super().get_updates(
              ^^^^^^^^^^^^^^^^^^^^^^^^^^
  File "/home/jabez/.cache/pypoetry/virtualenvs/kebede-bot-4wRYckUS-py3.12/lib/python3.12/site-packages/telegram/_bot.py", line 4366, in get_updates
    await self._post(
  File "/home/jabez/.cache/pypoetry/virtualenvs/kebede-bot-4wRYckUS-py3.12/lib/python3.12/site-packages/telegram/_bot.py", line 623, in _post
    return await self._do_post(
           ^^^^^^^^^^^^^^^^^^^^
  File "/home/jabez/.cache/pypoetry/virtualenvs/kebede-bot-4wRYckUS-py3.12/lib/python3.12/site-packages/telegram/ext/_extbot.py", line 355, in _do_post
    return await super()._do_post(
           ^^^^^^^^^^^^^^^^^^^^^^^
  File "/home/jabez/.cache/pypoetry/virtualenvs/kebede-bot-4wRYckUS-py3.12/lib/python3.12/site-packages/telegram/_bot.py", line 652, in _do_post
    result = await request.post(
             ^^^^^^^^^^^^^^^^^^^
  File "/home/jabez/.cache/pypoetry/virtualenvs/kebede-bot-4wRYckUS-py3.12/lib/python3.12/site-packages/telegram/request/_baserequest.py", line 201, in post
    result = await self._request_wrapper(
             ^^^^^^^^^^^^^^^^^^^^^^^^^^^^
  File "/home/jabez/.cache/pypoetry/virtualenvs/kebede-bot-4wRYckUS-py3.12/lib/python3.12/site-packages/telegram/request/_baserequest.py", line 333, in _request_wrapper
    code, payload = await self.do_request(
                    ^^^^^^^^^^^^^^^^^^^^^^
  File "/home/jabez/.cache/pypoetry/virtualenvs/kebede-bot-4wRYckUS-py3.12/lib/python3.12/site-packages/telegram/request/_httpxrequest.py", line 316, in do_request
    raise NetworkError(f"httpx.{err.__class__.__name__}: {err}") from err
telegram.error.NetworkError: httpx.ConnectError: [Errno -3] Temporary failure in name resolution
2024-11-07 22:17:42,026 - No error handlers are registered, logging exception.
Traceback (most recent call last):
  File "/home/jabez/.cache/pypoetry/virtualenvs/kebede-bot-4wRYckUS-py3.12/lib/python3.12/site-packages/httpx/_transports/default.py", line 72, in map_httpcore_exceptions
    yield
  File "/home/jabez/.cache/pypoetry/virtualenvs/kebede-bot-4wRYckUS-py3.12/lib/python3.12/site-packages/httpx/_transports/default.py", line 377, in handle_async_request
    resp = await self._pool.handle_async_request(req)
           ^^^^^^^^^^^^^^^^^^^^^^^^^^^^^^^^^^^^^^^^^^
  File "/home/jabez/.cache/pypoetry/virtualenvs/kebede-bot-4wRYckUS-py3.12/lib/python3.12/site-packages/httpcore/_async/connection_pool.py", line 216, in handle_async_request
    raise exc from None
  File "/home/jabez/.cache/pypoetry/virtualenvs/kebede-bot-4wRYckUS-py3.12/lib/python3.12/site-packages/httpcore/_async/connection_pool.py", line 196, in handle_async_request
    response = await connection.handle_async_request(
               ^^^^^^^^^^^^^^^^^^^^^^^^^^^^^^^^^^^^^^
  File "/home/jabez/.cache/pypoetry/virtualenvs/kebede-bot-4wRYckUS-py3.12/lib/python3.12/site-packages/httpcore/_async/connection.py", line 99, in handle_async_request
    raise exc
  File "/home/jabez/.cache/pypoetry/virtualenvs/kebede-bot-4wRYckUS-py3.12/lib/python3.12/site-packages/httpcore/_async/connection.py", line 76, in handle_async_request
    stream = await self._connect(request)
             ^^^^^^^^^^^^^^^^^^^^^^^^^^^^
  File "/home/jabez/.cache/pypoetry/virtualenvs/kebede-bot-4wRYckUS-py3.12/lib/python3.12/site-packages/httpcore/_async/connection.py", line 122, in _connect
    stream = await self._network_backend.connect_tcp(**kwargs)
             ^^^^^^^^^^^^^^^^^^^^^^^^^^^^^^^^^^^^^^^^^^^^^^^^^
  File "/home/jabez/.cache/pypoetry/virtualenvs/kebede-bot-4wRYckUS-py3.12/lib/python3.12/site-packages/httpcore/_backends/auto.py", line 30, in connect_tcp
    return await self._backend.connect_tcp(
           ^^^^^^^^^^^^^^^^^^^^^^^^^^^^^^^^
  File "/home/jabez/.cache/pypoetry/virtualenvs/kebede-bot-4wRYckUS-py3.12/lib/python3.12/site-packages/httpcore/_backends/anyio.py", line 115, in connect_tcp
    with map_exceptions(exc_map):
  File "/usr/lib/python3.12/contextlib.py", line 158, in __exit__
    self.gen.throw(value)
  File "/home/jabez/.cache/pypoetry/virtualenvs/kebede-bot-4wRYckUS-py3.12/lib/python3.12/site-packages/httpcore/_exceptions.py", line 14, in map_exceptions
    raise to_exc(exc) from exc
httpcore.ConnectError: [Errno -3] Temporary failure in name resolution

The above exception was the direct cause of the following exception:

Traceback (most recent call last):
  File "/home/jabez/.cache/pypoetry/virtualenvs/kebede-bot-4wRYckUS-py3.12/lib/python3.12/site-packages/telegram/request/_httpxrequest.py", line 292, in do_request
    res = await self._client.request(
          ^^^^^^^^^^^^^^^^^^^^^^^^^^^
  File "/home/jabez/.cache/pypoetry/virtualenvs/kebede-bot-4wRYckUS-py3.12/lib/python3.12/site-packages/httpx/_client.py", line 1585, in request
    return await self.send(request, auth=auth, follow_redirects=follow_redirects)
           ^^^^^^^^^^^^^^^^^^^^^^^^^^^^^^^^^^^^^^^^^^^^^^^^^^^^^^^^^^^^^^^^^^^^^^
  File "/home/jabez/.cache/pypoetry/virtualenvs/kebede-bot-4wRYckUS-py3.12/lib/python3.12/site-packages/httpx/_client.py", line 1674, in send
    response = await self._send_handling_auth(
               ^^^^^^^^^^^^^^^^^^^^^^^^^^^^^^^
  File "/home/jabez/.cache/pypoetry/virtualenvs/kebede-bot-4wRYckUS-py3.12/lib/python3.12/site-packages/httpx/_client.py", line 1702, in _send_handling_auth
    response = await self._send_handling_redirects(
               ^^^^^^^^^^^^^^^^^^^^^^^^^^^^^^^^^^^^
  File "/home/jabez/.cache/pypoetry/virtualenvs/kebede-bot-4wRYckUS-py3.12/lib/python3.12/site-packages/httpx/_client.py", line 1739, in _send_handling_redirects
    response = await self._send_single_request(request)
               ^^^^^^^^^^^^^^^^^^^^^^^^^^^^^^^^^^^^^^^^
  File "/home/jabez/.cache/pypoetry/virtualenvs/kebede-bot-4wRYckUS-py3.12/lib/python3.12/site-packages/httpx/_client.py", line 1776, in _send_single_request
    response = await transport.handle_async_request(request)
               ^^^^^^^^^^^^^^^^^^^^^^^^^^^^^^^^^^^^^^^^^^^^^
  File "/home/jabez/.cache/pypoetry/virtualenvs/kebede-bot-4wRYckUS-py3.12/lib/python3.12/site-packages/httpx/_transports/default.py", line 376, in handle_async_request
    with map_httpcore_exceptions():
  File "/usr/lib/python3.12/contextlib.py", line 158, in __exit__
    self.gen.throw(value)
  File "/home/jabez/.cache/pypoetry/virtualenvs/kebede-bot-4wRYckUS-py3.12/lib/python3.12/site-packages/httpx/_transports/default.py", line 89, in map_httpcore_exceptions
    raise mapped_exc(message) from exc
httpx.ConnectError: [Errno -3] Temporary failure in name resolution

The above exception was the direct cause of the following exception:

Traceback (most recent call last):
  File "/home/jabez/.cache/pypoetry/virtualenvs/kebede-bot-4wRYckUS-py3.12/lib/python3.12/site-packages/telegram/ext/_updater.py", line 753, in _network_loop_retry
    if not await do_action():
           ^^^^^^^^^^^^^^^^^
  File "/home/jabez/.cache/pypoetry/virtualenvs/kebede-bot-4wRYckUS-py3.12/lib/python3.12/site-packages/telegram/ext/_updater.py", line 747, in do_action
    return action_cb_task.result()
           ^^^^^^^^^^^^^^^^^^^^^^^
  File "/home/jabez/.cache/pypoetry/virtualenvs/kebede-bot-4wRYckUS-py3.12/lib/python3.12/site-packages/telegram/ext/_updater.py", line 377, in polling_action_cb
    updates = await self.bot.get_updates(
              ^^^^^^^^^^^^^^^^^^^^^^^^^^^
  File "/home/jabez/.cache/pypoetry/virtualenvs/kebede-bot-4wRYckUS-py3.12/lib/python3.12/site-packages/telegram/ext/_extbot.py", line 649, in get_updates
    updates = await super().get_updates(
              ^^^^^^^^^^^^^^^^^^^^^^^^^^
  File "/home/jabez/.cache/pypoetry/virtualenvs/kebede-bot-4wRYckUS-py3.12/lib/python3.12/site-packages/telegram/_bot.py", line 4366, in get_updates
    await self._post(
  File "/home/jabez/.cache/pypoetry/virtualenvs/kebede-bot-4wRYckUS-py3.12/lib/python3.12/site-packages/telegram/_bot.py", line 623, in _post
    return await self._do_post(
           ^^^^^^^^^^^^^^^^^^^^
  File "/home/jabez/.cache/pypoetry/virtualenvs/kebede-bot-4wRYckUS-py3.12/lib/python3.12/site-packages/telegram/ext/_extbot.py", line 355, in _do_post
    return await super()._do_post(
           ^^^^^^^^^^^^^^^^^^^^^^^
  File "/home/jabez/.cache/pypoetry/virtualenvs/kebede-bot-4wRYckUS-py3.12/lib/python3.12/site-packages/telegram/_bot.py", line 652, in _do_post
    result = await request.post(
             ^^^^^^^^^^^^^^^^^^^
  File "/home/jabez/.cache/pypoetry/virtualenvs/kebede-bot-4wRYckUS-py3.12/lib/python3.12/site-packages/telegram/request/_baserequest.py", line 201, in post
    result = await self._request_wrapper(
             ^^^^^^^^^^^^^^^^^^^^^^^^^^^^
  File "/home/jabez/.cache/pypoetry/virtualenvs/kebede-bot-4wRYckUS-py3.12/lib/python3.12/site-packages/telegram/request/_baserequest.py", line 333, in _request_wrapper
    code, payload = await self.do_request(
                    ^^^^^^^^^^^^^^^^^^^^^^
  File "/home/jabez/.cache/pypoetry/virtualenvs/kebede-bot-4wRYckUS-py3.12/lib/python3.12/site-packages/telegram/request/_httpxrequest.py", line 316, in do_request
    raise NetworkError(f"httpx.{err.__class__.__name__}: {err}") from err
telegram.error.NetworkError: httpx.ConnectError: [Errno -3] Temporary failure in name resolution
2024-11-07 22:17:49,631 - No error handlers are registered, logging exception.
Traceback (most recent call last):
  File "/home/jabez/.cache/pypoetry/virtualenvs/kebede-bot-4wRYckUS-py3.12/lib/python3.12/site-packages/httpx/_transports/default.py", line 72, in map_httpcore_exceptions
    yield
  File "/home/jabez/.cache/pypoetry/virtualenvs/kebede-bot-4wRYckUS-py3.12/lib/python3.12/site-packages/httpx/_transports/default.py", line 377, in handle_async_request
    resp = await self._pool.handle_async_request(req)
           ^^^^^^^^^^^^^^^^^^^^^^^^^^^^^^^^^^^^^^^^^^
  File "/home/jabez/.cache/pypoetry/virtualenvs/kebede-bot-4wRYckUS-py3.12/lib/python3.12/site-packages/httpcore/_async/connection_pool.py", line 216, in handle_async_request
    raise exc from None
  File "/home/jabez/.cache/pypoetry/virtualenvs/kebede-bot-4wRYckUS-py3.12/lib/python3.12/site-packages/httpcore/_async/connection_pool.py", line 196, in handle_async_request
    response = await connection.handle_async_request(
               ^^^^^^^^^^^^^^^^^^^^^^^^^^^^^^^^^^^^^^
  File "/home/jabez/.cache/pypoetry/virtualenvs/kebede-bot-4wRYckUS-py3.12/lib/python3.12/site-packages/httpcore/_async/connection.py", line 99, in handle_async_request
    raise exc
  File "/home/jabez/.cache/pypoetry/virtualenvs/kebede-bot-4wRYckUS-py3.12/lib/python3.12/site-packages/httpcore/_async/connection.py", line 76, in handle_async_request
    stream = await self._connect(request)
             ^^^^^^^^^^^^^^^^^^^^^^^^^^^^
  File "/home/jabez/.cache/pypoetry/virtualenvs/kebede-bot-4wRYckUS-py3.12/lib/python3.12/site-packages/httpcore/_async/connection.py", line 122, in _connect
    stream = await self._network_backend.connect_tcp(**kwargs)
             ^^^^^^^^^^^^^^^^^^^^^^^^^^^^^^^^^^^^^^^^^^^^^^^^^
  File "/home/jabez/.cache/pypoetry/virtualenvs/kebede-bot-4wRYckUS-py3.12/lib/python3.12/site-packages/httpcore/_backends/auto.py", line 30, in connect_tcp
    return await self._backend.connect_tcp(
           ^^^^^^^^^^^^^^^^^^^^^^^^^^^^^^^^
  File "/home/jabez/.cache/pypoetry/virtualenvs/kebede-bot-4wRYckUS-py3.12/lib/python3.12/site-packages/httpcore/_backends/anyio.py", line 115, in connect_tcp
    with map_exceptions(exc_map):
  File "/usr/lib/python3.12/contextlib.py", line 158, in __exit__
    self.gen.throw(value)
  File "/home/jabez/.cache/pypoetry/virtualenvs/kebede-bot-4wRYckUS-py3.12/lib/python3.12/site-packages/httpcore/_exceptions.py", line 14, in map_exceptions
    raise to_exc(exc) from exc
httpcore.ConnectError: [Errno -3] Temporary failure in name resolution

The above exception was the direct cause of the following exception:

Traceback (most recent call last):
  File "/home/jabez/.cache/pypoetry/virtualenvs/kebede-bot-4wRYckUS-py3.12/lib/python3.12/site-packages/telegram/request/_httpxrequest.py", line 292, in do_request
    res = await self._client.request(
          ^^^^^^^^^^^^^^^^^^^^^^^^^^^
  File "/home/jabez/.cache/pypoetry/virtualenvs/kebede-bot-4wRYckUS-py3.12/lib/python3.12/site-packages/httpx/_client.py", line 1585, in request
    return await self.send(request, auth=auth, follow_redirects=follow_redirects)
           ^^^^^^^^^^^^^^^^^^^^^^^^^^^^^^^^^^^^^^^^^^^^^^^^^^^^^^^^^^^^^^^^^^^^^^
  File "/home/jabez/.cache/pypoetry/virtualenvs/kebede-bot-4wRYckUS-py3.12/lib/python3.12/site-packages/httpx/_client.py", line 1674, in send
    response = await self._send_handling_auth(
               ^^^^^^^^^^^^^^^^^^^^^^^^^^^^^^^
  File "/home/jabez/.cache/pypoetry/virtualenvs/kebede-bot-4wRYckUS-py3.12/lib/python3.12/site-packages/httpx/_client.py", line 1702, in _send_handling_auth
    response = await self._send_handling_redirects(
               ^^^^^^^^^^^^^^^^^^^^^^^^^^^^^^^^^^^^
  File "/home/jabez/.cache/pypoetry/virtualenvs/kebede-bot-4wRYckUS-py3.12/lib/python3.12/site-packages/httpx/_client.py", line 1739, in _send_handling_redirects
    response = await self._send_single_request(request)
               ^^^^^^^^^^^^^^^^^^^^^^^^^^^^^^^^^^^^^^^^
  File "/home/jabez/.cache/pypoetry/virtualenvs/kebede-bot-4wRYckUS-py3.12/lib/python3.12/site-packages/httpx/_client.py", line 1776, in _send_single_request
    response = await transport.handle_async_request(request)
               ^^^^^^^^^^^^^^^^^^^^^^^^^^^^^^^^^^^^^^^^^^^^^
  File "/home/jabez/.cache/pypoetry/virtualenvs/kebede-bot-4wRYckUS-py3.12/lib/python3.12/site-packages/httpx/_transports/default.py", line 376, in handle_async_request
    with map_httpcore_exceptions():
  File "/usr/lib/python3.12/contextlib.py", line 158, in __exit__
    self.gen.throw(value)
  File "/home/jabez/.cache/pypoetry/virtualenvs/kebede-bot-4wRYckUS-py3.12/lib/python3.12/site-packages/httpx/_transports/default.py", line 89, in map_httpcore_exceptions
    raise mapped_exc(message) from exc
httpx.ConnectError: [Errno -3] Temporary failure in name resolution

The above exception was the direct cause of the following exception:

Traceback (most recent call last):
  File "/home/jabez/.cache/pypoetry/virtualenvs/kebede-bot-4wRYckUS-py3.12/lib/python3.12/site-packages/telegram/ext/_updater.py", line 753, in _network_loop_retry
    if not await do_action():
           ^^^^^^^^^^^^^^^^^
  File "/home/jabez/.cache/pypoetry/virtualenvs/kebede-bot-4wRYckUS-py3.12/lib/python3.12/site-packages/telegram/ext/_updater.py", line 747, in do_action
    return action_cb_task.result()
           ^^^^^^^^^^^^^^^^^^^^^^^
  File "/home/jabez/.cache/pypoetry/virtualenvs/kebede-bot-4wRYckUS-py3.12/lib/python3.12/site-packages/telegram/ext/_updater.py", line 377, in polling_action_cb
    updates = await self.bot.get_updates(
              ^^^^^^^^^^^^^^^^^^^^^^^^^^^
  File "/home/jabez/.cache/pypoetry/virtualenvs/kebede-bot-4wRYckUS-py3.12/lib/python3.12/site-packages/telegram/ext/_extbot.py", line 649, in get_updates
    updates = await super().get_updates(
              ^^^^^^^^^^^^^^^^^^^^^^^^^^
  File "/home/jabez/.cache/pypoetry/virtualenvs/kebede-bot-4wRYckUS-py3.12/lib/python3.12/site-packages/telegram/_bot.py", line 4366, in get_updates
    await self._post(
  File "/home/jabez/.cache/pypoetry/virtualenvs/kebede-bot-4wRYckUS-py3.12/lib/python3.12/site-packages/telegram/_bot.py", line 623, in _post
    return await self._do_post(
           ^^^^^^^^^^^^^^^^^^^^
  File "/home/jabez/.cache/pypoetry/virtualenvs/kebede-bot-4wRYckUS-py3.12/lib/python3.12/site-packages/telegram/ext/_extbot.py", line 355, in _do_post
    return await super()._do_post(
           ^^^^^^^^^^^^^^^^^^^^^^^
  File "/home/jabez/.cache/pypoetry/virtualenvs/kebede-bot-4wRYckUS-py3.12/lib/python3.12/site-packages/telegram/_bot.py", line 652, in _do_post
    result = await request.post(
             ^^^^^^^^^^^^^^^^^^^
  File "/home/jabez/.cache/pypoetry/virtualenvs/kebede-bot-4wRYckUS-py3.12/lib/python3.12/site-packages/telegram/request/_baserequest.py", line 201, in post
    result = await self._request_wrapper(
             ^^^^^^^^^^^^^^^^^^^^^^^^^^^^
  File "/home/jabez/.cache/pypoetry/virtualenvs/kebede-bot-4wRYckUS-py3.12/lib/python3.12/site-packages/telegram/request/_baserequest.py", line 333, in _request_wrapper
    code, payload = await self.do_request(
                    ^^^^^^^^^^^^^^^^^^^^^^
  File "/home/jabez/.cache/pypoetry/virtualenvs/kebede-bot-4wRYckUS-py3.12/lib/python3.12/site-packages/telegram/request/_httpxrequest.py", line 316, in do_request
    raise NetworkError(f"httpx.{err.__class__.__name__}: {err}") from err
telegram.error.NetworkError: httpx.ConnectError: [Errno -3] Temporary failure in name resolution
2024-11-07 22:18:01,040 - No error handlers are registered, logging exception.
Traceback (most recent call last):
  File "/home/jabez/.cache/pypoetry/virtualenvs/kebede-bot-4wRYckUS-py3.12/lib/python3.12/site-packages/httpx/_transports/default.py", line 72, in map_httpcore_exceptions
    yield
  File "/home/jabez/.cache/pypoetry/virtualenvs/kebede-bot-4wRYckUS-py3.12/lib/python3.12/site-packages/httpx/_transports/default.py", line 377, in handle_async_request
    resp = await self._pool.handle_async_request(req)
           ^^^^^^^^^^^^^^^^^^^^^^^^^^^^^^^^^^^^^^^^^^
  File "/home/jabez/.cache/pypoetry/virtualenvs/kebede-bot-4wRYckUS-py3.12/lib/python3.12/site-packages/httpcore/_async/connection_pool.py", line 216, in handle_async_request
    raise exc from None
  File "/home/jabez/.cache/pypoetry/virtualenvs/kebede-bot-4wRYckUS-py3.12/lib/python3.12/site-packages/httpcore/_async/connection_pool.py", line 196, in handle_async_request
    response = await connection.handle_async_request(
               ^^^^^^^^^^^^^^^^^^^^^^^^^^^^^^^^^^^^^^
  File "/home/jabez/.cache/pypoetry/virtualenvs/kebede-bot-4wRYckUS-py3.12/lib/python3.12/site-packages/httpcore/_async/connection.py", line 99, in handle_async_request
    raise exc
  File "/home/jabez/.cache/pypoetry/virtualenvs/kebede-bot-4wRYckUS-py3.12/lib/python3.12/site-packages/httpcore/_async/connection.py", line 76, in handle_async_request
    stream = await self._connect(request)
             ^^^^^^^^^^^^^^^^^^^^^^^^^^^^
  File "/home/jabez/.cache/pypoetry/virtualenvs/kebede-bot-4wRYckUS-py3.12/lib/python3.12/site-packages/httpcore/_async/connection.py", line 122, in _connect
    stream = await self._network_backend.connect_tcp(**kwargs)
             ^^^^^^^^^^^^^^^^^^^^^^^^^^^^^^^^^^^^^^^^^^^^^^^^^
  File "/home/jabez/.cache/pypoetry/virtualenvs/kebede-bot-4wRYckUS-py3.12/lib/python3.12/site-packages/httpcore/_backends/auto.py", line 30, in connect_tcp
    return await self._backend.connect_tcp(
           ^^^^^^^^^^^^^^^^^^^^^^^^^^^^^^^^
  File "/home/jabez/.cache/pypoetry/virtualenvs/kebede-bot-4wRYckUS-py3.12/lib/python3.12/site-packages/httpcore/_backends/anyio.py", line 115, in connect_tcp
    with map_exceptions(exc_map):
  File "/usr/lib/python3.12/contextlib.py", line 158, in __exit__
    self.gen.throw(value)
  File "/home/jabez/.cache/pypoetry/virtualenvs/kebede-bot-4wRYckUS-py3.12/lib/python3.12/site-packages/httpcore/_exceptions.py", line 14, in map_exceptions
    raise to_exc(exc) from exc
httpcore.ConnectError: [Errno -3] Temporary failure in name resolution

The above exception was the direct cause of the following exception:

Traceback (most recent call last):
  File "/home/jabez/.cache/pypoetry/virtualenvs/kebede-bot-4wRYckUS-py3.12/lib/python3.12/site-packages/telegram/request/_httpxrequest.py", line 292, in do_request
    res = await self._client.request(
          ^^^^^^^^^^^^^^^^^^^^^^^^^^^
  File "/home/jabez/.cache/pypoetry/virtualenvs/kebede-bot-4wRYckUS-py3.12/lib/python3.12/site-packages/httpx/_client.py", line 1585, in request
    return await self.send(request, auth=auth, follow_redirects=follow_redirects)
           ^^^^^^^^^^^^^^^^^^^^^^^^^^^^^^^^^^^^^^^^^^^^^^^^^^^^^^^^^^^^^^^^^^^^^^
  File "/home/jabez/.cache/pypoetry/virtualenvs/kebede-bot-4wRYckUS-py3.12/lib/python3.12/site-packages/httpx/_client.py", line 1674, in send
    response = await self._send_handling_auth(
               ^^^^^^^^^^^^^^^^^^^^^^^^^^^^^^^
  File "/home/jabez/.cache/pypoetry/virtualenvs/kebede-bot-4wRYckUS-py3.12/lib/python3.12/site-packages/httpx/_client.py", line 1702, in _send_handling_auth
    response = await self._send_handling_redirects(
               ^^^^^^^^^^^^^^^^^^^^^^^^^^^^^^^^^^^^
  File "/home/jabez/.cache/pypoetry/virtualenvs/kebede-bot-4wRYckUS-py3.12/lib/python3.12/site-packages/httpx/_client.py", line 1739, in _send_handling_redirects
    response = await self._send_single_request(request)
               ^^^^^^^^^^^^^^^^^^^^^^^^^^^^^^^^^^^^^^^^
  File "/home/jabez/.cache/pypoetry/virtualenvs/kebede-bot-4wRYckUS-py3.12/lib/python3.12/site-packages/httpx/_client.py", line 1776, in _send_single_request
    response = await transport.handle_async_request(request)
               ^^^^^^^^^^^^^^^^^^^^^^^^^^^^^^^^^^^^^^^^^^^^^
  File "/home/jabez/.cache/pypoetry/virtualenvs/kebede-bot-4wRYckUS-py3.12/lib/python3.12/site-packages/httpx/_transports/default.py", line 376, in handle_async_request
    with map_httpcore_exceptions():
  File "/usr/lib/python3.12/contextlib.py", line 158, in __exit__
    self.gen.throw(value)
  File "/home/jabez/.cache/pypoetry/virtualenvs/kebede-bot-4wRYckUS-py3.12/lib/python3.12/site-packages/httpx/_transports/default.py", line 89, in map_httpcore_exceptions
    raise mapped_exc(message) from exc
httpx.ConnectError: [Errno -3] Temporary failure in name resolution

The above exception was the direct cause of the following exception:

Traceback (most recent call last):
  File "/home/jabez/.cache/pypoetry/virtualenvs/kebede-bot-4wRYckUS-py3.12/lib/python3.12/site-packages/telegram/ext/_updater.py", line 753, in _network_loop_retry
    if not await do_action():
           ^^^^^^^^^^^^^^^^^
  File "/home/jabez/.cache/pypoetry/virtualenvs/kebede-bot-4wRYckUS-py3.12/lib/python3.12/site-packages/telegram/ext/_updater.py", line 747, in do_action
    return action_cb_task.result()
           ^^^^^^^^^^^^^^^^^^^^^^^
  File "/home/jabez/.cache/pypoetry/virtualenvs/kebede-bot-4wRYckUS-py3.12/lib/python3.12/site-packages/telegram/ext/_updater.py", line 377, in polling_action_cb
    updates = await self.bot.get_updates(
              ^^^^^^^^^^^^^^^^^^^^^^^^^^^
  File "/home/jabez/.cache/pypoetry/virtualenvs/kebede-bot-4wRYckUS-py3.12/lib/python3.12/site-packages/telegram/ext/_extbot.py", line 649, in get_updates
    updates = await super().get_updates(
              ^^^^^^^^^^^^^^^^^^^^^^^^^^
  File "/home/jabez/.cache/pypoetry/virtualenvs/kebede-bot-4wRYckUS-py3.12/lib/python3.12/site-packages/telegram/_bot.py", line 4366, in get_updates
    await self._post(
  File "/home/jabez/.cache/pypoetry/virtualenvs/kebede-bot-4wRYckUS-py3.12/lib/python3.12/site-packages/telegram/_bot.py", line 623, in _post
    return await self._do_post(
           ^^^^^^^^^^^^^^^^^^^^
  File "/home/jabez/.cache/pypoetry/virtualenvs/kebede-bot-4wRYckUS-py3.12/lib/python3.12/site-packages/telegram/ext/_extbot.py", line 355, in _do_post
    return await super()._do_post(
           ^^^^^^^^^^^^^^^^^^^^^^^
  File "/home/jabez/.cache/pypoetry/virtualenvs/kebede-bot-4wRYckUS-py3.12/lib/python3.12/site-packages/telegram/_bot.py", line 652, in _do_post
    result = await request.post(
             ^^^^^^^^^^^^^^^^^^^
  File "/home/jabez/.cache/pypoetry/virtualenvs/kebede-bot-4wRYckUS-py3.12/lib/python3.12/site-packages/telegram/request/_baserequest.py", line 201, in post
    result = await self._request_wrapper(
             ^^^^^^^^^^^^^^^^^^^^^^^^^^^^
  File "/home/jabez/.cache/pypoetry/virtualenvs/kebede-bot-4wRYckUS-py3.12/lib/python3.12/site-packages/telegram/request/_baserequest.py", line 333, in _request_wrapper
    code, payload = await self.do_request(
                    ^^^^^^^^^^^^^^^^^^^^^^
  File "/home/jabez/.cache/pypoetry/virtualenvs/kebede-bot-4wRYckUS-py3.12/lib/python3.12/site-packages/telegram/request/_httpxrequest.py", line 316, in do_request
    raise NetworkError(f"httpx.{err.__class__.__name__}: {err}") from err
telegram.error.NetworkError: httpx.ConnectError: [Errno -3] Temporary failure in name resolution
2024-11-07 22:18:18,149 - No error handlers are registered, logging exception.
Traceback (most recent call last):
  File "/home/jabez/.cache/pypoetry/virtualenvs/kebede-bot-4wRYckUS-py3.12/lib/python3.12/site-packages/httpx/_transports/default.py", line 72, in map_httpcore_exceptions
    yield
  File "/home/jabez/.cache/pypoetry/virtualenvs/kebede-bot-4wRYckUS-py3.12/lib/python3.12/site-packages/httpx/_transports/default.py", line 377, in handle_async_request
    resp = await self._pool.handle_async_request(req)
           ^^^^^^^^^^^^^^^^^^^^^^^^^^^^^^^^^^^^^^^^^^
  File "/home/jabez/.cache/pypoetry/virtualenvs/kebede-bot-4wRYckUS-py3.12/lib/python3.12/site-packages/httpcore/_async/connection_pool.py", line 216, in handle_async_request
    raise exc from None
  File "/home/jabez/.cache/pypoetry/virtualenvs/kebede-bot-4wRYckUS-py3.12/lib/python3.12/site-packages/httpcore/_async/connection_pool.py", line 196, in handle_async_request
    response = await connection.handle_async_request(
               ^^^^^^^^^^^^^^^^^^^^^^^^^^^^^^^^^^^^^^
  File "/home/jabez/.cache/pypoetry/virtualenvs/kebede-bot-4wRYckUS-py3.12/lib/python3.12/site-packages/httpcore/_async/connection.py", line 99, in handle_async_request
    raise exc
  File "/home/jabez/.cache/pypoetry/virtualenvs/kebede-bot-4wRYckUS-py3.12/lib/python3.12/site-packages/httpcore/_async/connection.py", line 76, in handle_async_request
    stream = await self._connect(request)
             ^^^^^^^^^^^^^^^^^^^^^^^^^^^^
  File "/home/jabez/.cache/pypoetry/virtualenvs/kebede-bot-4wRYckUS-py3.12/lib/python3.12/site-packages/httpcore/_async/connection.py", line 122, in _connect
    stream = await self._network_backend.connect_tcp(**kwargs)
             ^^^^^^^^^^^^^^^^^^^^^^^^^^^^^^^^^^^^^^^^^^^^^^^^^
  File "/home/jabez/.cache/pypoetry/virtualenvs/kebede-bot-4wRYckUS-py3.12/lib/python3.12/site-packages/httpcore/_backends/auto.py", line 30, in connect_tcp
    return await self._backend.connect_tcp(
           ^^^^^^^^^^^^^^^^^^^^^^^^^^^^^^^^
  File "/home/jabez/.cache/pypoetry/virtualenvs/kebede-bot-4wRYckUS-py3.12/lib/python3.12/site-packages/httpcore/_backends/anyio.py", line 115, in connect_tcp
    with map_exceptions(exc_map):
  File "/usr/lib/python3.12/contextlib.py", line 158, in __exit__
    self.gen.throw(value)
  File "/home/jabez/.cache/pypoetry/virtualenvs/kebede-bot-4wRYckUS-py3.12/lib/python3.12/site-packages/httpcore/_exceptions.py", line 14, in map_exceptions
    raise to_exc(exc) from exc
httpcore.ConnectError: [Errno -3] Temporary failure in name resolution

The above exception was the direct cause of the following exception:

Traceback (most recent call last):
  File "/home/jabez/.cache/pypoetry/virtualenvs/kebede-bot-4wRYckUS-py3.12/lib/python3.12/site-packages/telegram/request/_httpxrequest.py", line 292, in do_request
    res = await self._client.request(
          ^^^^^^^^^^^^^^^^^^^^^^^^^^^
  File "/home/jabez/.cache/pypoetry/virtualenvs/kebede-bot-4wRYckUS-py3.12/lib/python3.12/site-packages/httpx/_client.py", line 1585, in request
    return await self.send(request, auth=auth, follow_redirects=follow_redirects)
           ^^^^^^^^^^^^^^^^^^^^^^^^^^^^^^^^^^^^^^^^^^^^^^^^^^^^^^^^^^^^^^^^^^^^^^
  File "/home/jabez/.cache/pypoetry/virtualenvs/kebede-bot-4wRYckUS-py3.12/lib/python3.12/site-packages/httpx/_client.py", line 1674, in send
    response = await self._send_handling_auth(
               ^^^^^^^^^^^^^^^^^^^^^^^^^^^^^^^
  File "/home/jabez/.cache/pypoetry/virtualenvs/kebede-bot-4wRYckUS-py3.12/lib/python3.12/site-packages/httpx/_client.py", line 1702, in _send_handling_auth
    response = await self._send_handling_redirects(
               ^^^^^^^^^^^^^^^^^^^^^^^^^^^^^^^^^^^^
  File "/home/jabez/.cache/pypoetry/virtualenvs/kebede-bot-4wRYckUS-py3.12/lib/python3.12/site-packages/httpx/_client.py", line 1739, in _send_handling_redirects
    response = await self._send_single_request(request)
               ^^^^^^^^^^^^^^^^^^^^^^^^^^^^^^^^^^^^^^^^
  File "/home/jabez/.cache/pypoetry/virtualenvs/kebede-bot-4wRYckUS-py3.12/lib/python3.12/site-packages/httpx/_client.py", line 1776, in _send_single_request
    response = await transport.handle_async_request(request)
               ^^^^^^^^^^^^^^^^^^^^^^^^^^^^^^^^^^^^^^^^^^^^^
  File "/home/jabez/.cache/pypoetry/virtualenvs/kebede-bot-4wRYckUS-py3.12/lib/python3.12/site-packages/httpx/_transports/default.py", line 376, in handle_async_request
    with map_httpcore_exceptions():
  File "/usr/lib/python3.12/contextlib.py", line 158, in __exit__
    self.gen.throw(value)
  File "/home/jabez/.cache/pypoetry/virtualenvs/kebede-bot-4wRYckUS-py3.12/lib/python3.12/site-packages/httpx/_transports/default.py", line 89, in map_httpcore_exceptions
    raise mapped_exc(message) from exc
httpx.ConnectError: [Errno -3] Temporary failure in name resolution

The above exception was the direct cause of the following exception:

Traceback (most recent call last):
  File "/home/jabez/.cache/pypoetry/virtualenvs/kebede-bot-4wRYckUS-py3.12/lib/python3.12/site-packages/telegram/ext/_updater.py", line 753, in _network_loop_retry
    if not await do_action():
           ^^^^^^^^^^^^^^^^^
  File "/home/jabez/.cache/pypoetry/virtualenvs/kebede-bot-4wRYckUS-py3.12/lib/python3.12/site-packages/telegram/ext/_updater.py", line 747, in do_action
    return action_cb_task.result()
           ^^^^^^^^^^^^^^^^^^^^^^^
  File "/home/jabez/.cache/pypoetry/virtualenvs/kebede-bot-4wRYckUS-py3.12/lib/python3.12/site-packages/telegram/ext/_updater.py", line 377, in polling_action_cb
    updates = await self.bot.get_updates(
              ^^^^^^^^^^^^^^^^^^^^^^^^^^^
  File "/home/jabez/.cache/pypoetry/virtualenvs/kebede-bot-4wRYckUS-py3.12/lib/python3.12/site-packages/telegram/ext/_extbot.py", line 649, in get_updates
    updates = await super().get_updates(
              ^^^^^^^^^^^^^^^^^^^^^^^^^^
  File "/home/jabez/.cache/pypoetry/virtualenvs/kebede-bot-4wRYckUS-py3.12/lib/python3.12/site-packages/telegram/_bot.py", line 4366, in get_updates
    await self._post(
  File "/home/jabez/.cache/pypoetry/virtualenvs/kebede-bot-4wRYckUS-py3.12/lib/python3.12/site-packages/telegram/_bot.py", line 623, in _post
    return await self._do_post(
           ^^^^^^^^^^^^^^^^^^^^
  File "/home/jabez/.cache/pypoetry/virtualenvs/kebede-bot-4wRYckUS-py3.12/lib/python3.12/site-packages/telegram/ext/_extbot.py", line 355, in _do_post
    return await super()._do_post(
           ^^^^^^^^^^^^^^^^^^^^^^^
  File "/home/jabez/.cache/pypoetry/virtualenvs/kebede-bot-4wRYckUS-py3.12/lib/python3.12/site-packages/telegram/_bot.py", line 652, in _do_post
    result = await request.post(
             ^^^^^^^^^^^^^^^^^^^
  File "/home/jabez/.cache/pypoetry/virtualenvs/kebede-bot-4wRYckUS-py3.12/lib/python3.12/site-packages/telegram/request/_baserequest.py", line 201, in post
    result = await self._request_wrapper(
             ^^^^^^^^^^^^^^^^^^^^^^^^^^^^
  File "/home/jabez/.cache/pypoetry/virtualenvs/kebede-bot-4wRYckUS-py3.12/lib/python3.12/site-packages/telegram/request/_baserequest.py", line 333, in _request_wrapper
    code, payload = await self.do_request(
                    ^^^^^^^^^^^^^^^^^^^^^^
  File "/home/jabez/.cache/pypoetry/virtualenvs/kebede-bot-4wRYckUS-py3.12/lib/python3.12/site-packages/telegram/request/_httpxrequest.py", line 316, in do_request
    raise NetworkError(f"httpx.{err.__class__.__name__}: {err}") from err
telegram.error.NetworkError: httpx.ConnectError: [Errno -3] Temporary failure in name resolution
2024-11-07 22:18:43,823 - No error handlers are registered, logging exception.
Traceback (most recent call last):
  File "/home/jabez/.cache/pypoetry/virtualenvs/kebede-bot-4wRYckUS-py3.12/lib/python3.12/site-packages/httpx/_transports/default.py", line 72, in map_httpcore_exceptions
    yield
  File "/home/jabez/.cache/pypoetry/virtualenvs/kebede-bot-4wRYckUS-py3.12/lib/python3.12/site-packages/httpx/_transports/default.py", line 377, in handle_async_request
    resp = await self._pool.handle_async_request(req)
           ^^^^^^^^^^^^^^^^^^^^^^^^^^^^^^^^^^^^^^^^^^
  File "/home/jabez/.cache/pypoetry/virtualenvs/kebede-bot-4wRYckUS-py3.12/lib/python3.12/site-packages/httpcore/_async/connection_pool.py", line 216, in handle_async_request
    raise exc from None
  File "/home/jabez/.cache/pypoetry/virtualenvs/kebede-bot-4wRYckUS-py3.12/lib/python3.12/site-packages/httpcore/_async/connection_pool.py", line 196, in handle_async_request
    response = await connection.handle_async_request(
               ^^^^^^^^^^^^^^^^^^^^^^^^^^^^^^^^^^^^^^
  File "/home/jabez/.cache/pypoetry/virtualenvs/kebede-bot-4wRYckUS-py3.12/lib/python3.12/site-packages/httpcore/_async/connection.py", line 99, in handle_async_request
    raise exc
  File "/home/jabez/.cache/pypoetry/virtualenvs/kebede-bot-4wRYckUS-py3.12/lib/python3.12/site-packages/httpcore/_async/connection.py", line 76, in handle_async_request
    stream = await self._connect(request)
             ^^^^^^^^^^^^^^^^^^^^^^^^^^^^
  File "/home/jabez/.cache/pypoetry/virtualenvs/kebede-bot-4wRYckUS-py3.12/lib/python3.12/site-packages/httpcore/_async/connection.py", line 122, in _connect
    stream = await self._network_backend.connect_tcp(**kwargs)
             ^^^^^^^^^^^^^^^^^^^^^^^^^^^^^^^^^^^^^^^^^^^^^^^^^
  File "/home/jabez/.cache/pypoetry/virtualenvs/kebede-bot-4wRYckUS-py3.12/lib/python3.12/site-packages/httpcore/_backends/auto.py", line 30, in connect_tcp
    return await self._backend.connect_tcp(
           ^^^^^^^^^^^^^^^^^^^^^^^^^^^^^^^^
  File "/home/jabez/.cache/pypoetry/virtualenvs/kebede-bot-4wRYckUS-py3.12/lib/python3.12/site-packages/httpcore/_backends/anyio.py", line 115, in connect_tcp
    with map_exceptions(exc_map):
  File "/usr/lib/python3.12/contextlib.py", line 158, in __exit__
    self.gen.throw(value)
  File "/home/jabez/.cache/pypoetry/virtualenvs/kebede-bot-4wRYckUS-py3.12/lib/python3.12/site-packages/httpcore/_exceptions.py", line 14, in map_exceptions
    raise to_exc(exc) from exc
httpcore.ConnectError: [Errno -3] Temporary failure in name resolution

The above exception was the direct cause of the following exception:

Traceback (most recent call last):
  File "/home/jabez/.cache/pypoetry/virtualenvs/kebede-bot-4wRYckUS-py3.12/lib/python3.12/site-packages/telegram/request/_httpxrequest.py", line 292, in do_request
    res = await self._client.request(
          ^^^^^^^^^^^^^^^^^^^^^^^^^^^
  File "/home/jabez/.cache/pypoetry/virtualenvs/kebede-bot-4wRYckUS-py3.12/lib/python3.12/site-packages/httpx/_client.py", line 1585, in request
    return await self.send(request, auth=auth, follow_redirects=follow_redirects)
           ^^^^^^^^^^^^^^^^^^^^^^^^^^^^^^^^^^^^^^^^^^^^^^^^^^^^^^^^^^^^^^^^^^^^^^
  File "/home/jabez/.cache/pypoetry/virtualenvs/kebede-bot-4wRYckUS-py3.12/lib/python3.12/site-packages/httpx/_client.py", line 1674, in send
    response = await self._send_handling_auth(
               ^^^^^^^^^^^^^^^^^^^^^^^^^^^^^^^
  File "/home/jabez/.cache/pypoetry/virtualenvs/kebede-bot-4wRYckUS-py3.12/lib/python3.12/site-packages/httpx/_client.py", line 1702, in _send_handling_auth
    response = await self._send_handling_redirects(
               ^^^^^^^^^^^^^^^^^^^^^^^^^^^^^^^^^^^^
  File "/home/jabez/.cache/pypoetry/virtualenvs/kebede-bot-4wRYckUS-py3.12/lib/python3.12/site-packages/httpx/_client.py", line 1739, in _send_handling_redirects
    response = await self._send_single_request(request)
               ^^^^^^^^^^^^^^^^^^^^^^^^^^^^^^^^^^^^^^^^
  File "/home/jabez/.cache/pypoetry/virtualenvs/kebede-bot-4wRYckUS-py3.12/lib/python3.12/site-packages/httpx/_client.py", line 1776, in _send_single_request
    response = await transport.handle_async_request(request)
               ^^^^^^^^^^^^^^^^^^^^^^^^^^^^^^^^^^^^^^^^^^^^^
  File "/home/jabez/.cache/pypoetry/virtualenvs/kebede-bot-4wRYckUS-py3.12/lib/python3.12/site-packages/httpx/_transports/default.py", line 376, in handle_async_request
    with map_httpcore_exceptions():
  File "/usr/lib/python3.12/contextlib.py", line 158, in __exit__
    self.gen.throw(value)
  File "/home/jabez/.cache/pypoetry/virtualenvs/kebede-bot-4wRYckUS-py3.12/lib/python3.12/site-packages/httpx/_transports/default.py", line 89, in map_httpcore_exceptions
    raise mapped_exc(message) from exc
httpx.ConnectError: [Errno -3] Temporary failure in name resolution

The above exception was the direct cause of the following exception:

Traceback (most recent call last):
  File "/home/jabez/.cache/pypoetry/virtualenvs/kebede-bot-4wRYckUS-py3.12/lib/python3.12/site-packages/telegram/ext/_updater.py", line 753, in _network_loop_retry
    if not await do_action():
           ^^^^^^^^^^^^^^^^^
  File "/home/jabez/.cache/pypoetry/virtualenvs/kebede-bot-4wRYckUS-py3.12/lib/python3.12/site-packages/telegram/ext/_updater.py", line 747, in do_action
    return action_cb_task.result()
           ^^^^^^^^^^^^^^^^^^^^^^^
  File "/home/jabez/.cache/pypoetry/virtualenvs/kebede-bot-4wRYckUS-py3.12/lib/python3.12/site-packages/telegram/ext/_updater.py", line 377, in polling_action_cb
    updates = await self.bot.get_updates(
              ^^^^^^^^^^^^^^^^^^^^^^^^^^^
  File "/home/jabez/.cache/pypoetry/virtualenvs/kebede-bot-4wRYckUS-py3.12/lib/python3.12/site-packages/telegram/ext/_extbot.py", line 649, in get_updates
    updates = await super().get_updates(
              ^^^^^^^^^^^^^^^^^^^^^^^^^^
  File "/home/jabez/.cache/pypoetry/virtualenvs/kebede-bot-4wRYckUS-py3.12/lib/python3.12/site-packages/telegram/_bot.py", line 4366, in get_updates
    await self._post(
  File "/home/jabez/.cache/pypoetry/virtualenvs/kebede-bot-4wRYckUS-py3.12/lib/python3.12/site-packages/telegram/_bot.py", line 623, in _post
    return await self._do_post(
           ^^^^^^^^^^^^^^^^^^^^
  File "/home/jabez/.cache/pypoetry/virtualenvs/kebede-bot-4wRYckUS-py3.12/lib/python3.12/site-packages/telegram/ext/_extbot.py", line 355, in _do_post
    return await super()._do_post(
           ^^^^^^^^^^^^^^^^^^^^^^^
  File "/home/jabez/.cache/pypoetry/virtualenvs/kebede-bot-4wRYckUS-py3.12/lib/python3.12/site-packages/telegram/_bot.py", line 652, in _do_post
    result = await request.post(
             ^^^^^^^^^^^^^^^^^^^
  File "/home/jabez/.cache/pypoetry/virtualenvs/kebede-bot-4wRYckUS-py3.12/lib/python3.12/site-packages/telegram/request/_baserequest.py", line 201, in post
    result = await self._request_wrapper(
             ^^^^^^^^^^^^^^^^^^^^^^^^^^^^
  File "/home/jabez/.cache/pypoetry/virtualenvs/kebede-bot-4wRYckUS-py3.12/lib/python3.12/site-packages/telegram/request/_baserequest.py", line 333, in _request_wrapper
    code, payload = await self.do_request(
                    ^^^^^^^^^^^^^^^^^^^^^^
  File "/home/jabez/.cache/pypoetry/virtualenvs/kebede-bot-4wRYckUS-py3.12/lib/python3.12/site-packages/telegram/request/_httpxrequest.py", line 316, in do_request
    raise NetworkError(f"httpx.{err.__class__.__name__}: {err}") from err
telegram.error.NetworkError: httpx.ConnectError: [Errno -3] Temporary failure in name resolution
2024-11-07 22:19:13,890 - No error handlers are registered, logging exception.
Traceback (most recent call last):
  File "/home/jabez/.cache/pypoetry/virtualenvs/kebede-bot-4wRYckUS-py3.12/lib/python3.12/site-packages/httpx/_transports/default.py", line 72, in map_httpcore_exceptions
    yield
  File "/home/jabez/.cache/pypoetry/virtualenvs/kebede-bot-4wRYckUS-py3.12/lib/python3.12/site-packages/httpx/_transports/default.py", line 377, in handle_async_request
    resp = await self._pool.handle_async_request(req)
           ^^^^^^^^^^^^^^^^^^^^^^^^^^^^^^^^^^^^^^^^^^
  File "/home/jabez/.cache/pypoetry/virtualenvs/kebede-bot-4wRYckUS-py3.12/lib/python3.12/site-packages/httpcore/_async/connection_pool.py", line 216, in handle_async_request
    raise exc from None
  File "/home/jabez/.cache/pypoetry/virtualenvs/kebede-bot-4wRYckUS-py3.12/lib/python3.12/site-packages/httpcore/_async/connection_pool.py", line 196, in handle_async_request
    response = await connection.handle_async_request(
               ^^^^^^^^^^^^^^^^^^^^^^^^^^^^^^^^^^^^^^
  File "/home/jabez/.cache/pypoetry/virtualenvs/kebede-bot-4wRYckUS-py3.12/lib/python3.12/site-packages/httpcore/_async/connection.py", line 99, in handle_async_request
    raise exc
  File "/home/jabez/.cache/pypoetry/virtualenvs/kebede-bot-4wRYckUS-py3.12/lib/python3.12/site-packages/httpcore/_async/connection.py", line 76, in handle_async_request
    stream = await self._connect(request)
             ^^^^^^^^^^^^^^^^^^^^^^^^^^^^
  File "/home/jabez/.cache/pypoetry/virtualenvs/kebede-bot-4wRYckUS-py3.12/lib/python3.12/site-packages/httpcore/_async/connection.py", line 122, in _connect
    stream = await self._network_backend.connect_tcp(**kwargs)
             ^^^^^^^^^^^^^^^^^^^^^^^^^^^^^^^^^^^^^^^^^^^^^^^^^
  File "/home/jabez/.cache/pypoetry/virtualenvs/kebede-bot-4wRYckUS-py3.12/lib/python3.12/site-packages/httpcore/_backends/auto.py", line 30, in connect_tcp
    return await self._backend.connect_tcp(
           ^^^^^^^^^^^^^^^^^^^^^^^^^^^^^^^^
  File "/home/jabez/.cache/pypoetry/virtualenvs/kebede-bot-4wRYckUS-py3.12/lib/python3.12/site-packages/httpcore/_backends/anyio.py", line 115, in connect_tcp
    with map_exceptions(exc_map):
  File "/usr/lib/python3.12/contextlib.py", line 158, in __exit__
    self.gen.throw(value)
  File "/home/jabez/.cache/pypoetry/virtualenvs/kebede-bot-4wRYckUS-py3.12/lib/python3.12/site-packages/httpcore/_exceptions.py", line 14, in map_exceptions
    raise to_exc(exc) from exc
httpcore.ConnectError: [Errno -3] Temporary failure in name resolution

The above exception was the direct cause of the following exception:

Traceback (most recent call last):
  File "/home/jabez/.cache/pypoetry/virtualenvs/kebede-bot-4wRYckUS-py3.12/lib/python3.12/site-packages/telegram/request/_httpxrequest.py", line 292, in do_request
    res = await self._client.request(
          ^^^^^^^^^^^^^^^^^^^^^^^^^^^
  File "/home/jabez/.cache/pypoetry/virtualenvs/kebede-bot-4wRYckUS-py3.12/lib/python3.12/site-packages/httpx/_client.py", line 1585, in request
    return await self.send(request, auth=auth, follow_redirects=follow_redirects)
           ^^^^^^^^^^^^^^^^^^^^^^^^^^^^^^^^^^^^^^^^^^^^^^^^^^^^^^^^^^^^^^^^^^^^^^
  File "/home/jabez/.cache/pypoetry/virtualenvs/kebede-bot-4wRYckUS-py3.12/lib/python3.12/site-packages/httpx/_client.py", line 1674, in send
    response = await self._send_handling_auth(
               ^^^^^^^^^^^^^^^^^^^^^^^^^^^^^^^
  File "/home/jabez/.cache/pypoetry/virtualenvs/kebede-bot-4wRYckUS-py3.12/lib/python3.12/site-packages/httpx/_client.py", line 1702, in _send_handling_auth
    response = await self._send_handling_redirects(
               ^^^^^^^^^^^^^^^^^^^^^^^^^^^^^^^^^^^^
  File "/home/jabez/.cache/pypoetry/virtualenvs/kebede-bot-4wRYckUS-py3.12/lib/python3.12/site-packages/httpx/_client.py", line 1739, in _send_handling_redirects
    response = await self._send_single_request(request)
               ^^^^^^^^^^^^^^^^^^^^^^^^^^^^^^^^^^^^^^^^
  File "/home/jabez/.cache/pypoetry/virtualenvs/kebede-bot-4wRYckUS-py3.12/lib/python3.12/site-packages/httpx/_client.py", line 1776, in _send_single_request
    response = await transport.handle_async_request(request)
               ^^^^^^^^^^^^^^^^^^^^^^^^^^^^^^^^^^^^^^^^^^^^^
  File "/home/jabez/.cache/pypoetry/virtualenvs/kebede-bot-4wRYckUS-py3.12/lib/python3.12/site-packages/httpx/_transports/default.py", line 376, in handle_async_request
    with map_httpcore_exceptions():
  File "/usr/lib/python3.12/contextlib.py", line 158, in __exit__
    self.gen.throw(value)
  File "/home/jabez/.cache/pypoetry/virtualenvs/kebede-bot-4wRYckUS-py3.12/lib/python3.12/site-packages/httpx/_transports/default.py", line 89, in map_httpcore_exceptions
    raise mapped_exc(message) from exc
httpx.ConnectError: [Errno -3] Temporary failure in name resolution

The above exception was the direct cause of the following exception:

Traceback (most recent call last):
  File "/home/jabez/.cache/pypoetry/virtualenvs/kebede-bot-4wRYckUS-py3.12/lib/python3.12/site-packages/telegram/ext/_updater.py", line 753, in _network_loop_retry
    if not await do_action():
           ^^^^^^^^^^^^^^^^^
  File "/home/jabez/.cache/pypoetry/virtualenvs/kebede-bot-4wRYckUS-py3.12/lib/python3.12/site-packages/telegram/ext/_updater.py", line 747, in do_action
    return action_cb_task.result()
           ^^^^^^^^^^^^^^^^^^^^^^^
  File "/home/jabez/.cache/pypoetry/virtualenvs/kebede-bot-4wRYckUS-py3.12/lib/python3.12/site-packages/telegram/ext/_updater.py", line 377, in polling_action_cb
    updates = await self.bot.get_updates(
              ^^^^^^^^^^^^^^^^^^^^^^^^^^^
  File "/home/jabez/.cache/pypoetry/virtualenvs/kebede-bot-4wRYckUS-py3.12/lib/python3.12/site-packages/telegram/ext/_extbot.py", line 649, in get_updates
    updates = await super().get_updates(
              ^^^^^^^^^^^^^^^^^^^^^^^^^^
  File "/home/jabez/.cache/pypoetry/virtualenvs/kebede-bot-4wRYckUS-py3.12/lib/python3.12/site-packages/telegram/_bot.py", line 4366, in get_updates
    await self._post(
  File "/home/jabez/.cache/pypoetry/virtualenvs/kebede-bot-4wRYckUS-py3.12/lib/python3.12/site-packages/telegram/_bot.py", line 623, in _post
    return await self._do_post(
           ^^^^^^^^^^^^^^^^^^^^
  File "/home/jabez/.cache/pypoetry/virtualenvs/kebede-bot-4wRYckUS-py3.12/lib/python3.12/site-packages/telegram/ext/_extbot.py", line 355, in _do_post
    return await super()._do_post(
           ^^^^^^^^^^^^^^^^^^^^^^^
  File "/home/jabez/.cache/pypoetry/virtualenvs/kebede-bot-4wRYckUS-py3.12/lib/python3.12/site-packages/telegram/_bot.py", line 652, in _do_post
    result = await request.post(
             ^^^^^^^^^^^^^^^^^^^
  File "/home/jabez/.cache/pypoetry/virtualenvs/kebede-bot-4wRYckUS-py3.12/lib/python3.12/site-packages/telegram/request/_baserequest.py", line 201, in post
    result = await self._request_wrapper(
             ^^^^^^^^^^^^^^^^^^^^^^^^^^^^
  File "/home/jabez/.cache/pypoetry/virtualenvs/kebede-bot-4wRYckUS-py3.12/lib/python3.12/site-packages/telegram/request/_baserequest.py", line 333, in _request_wrapper
    code, payload = await self.do_request(
                    ^^^^^^^^^^^^^^^^^^^^^^
  File "/home/jabez/.cache/pypoetry/virtualenvs/kebede-bot-4wRYckUS-py3.12/lib/python3.12/site-packages/telegram/request/_httpxrequest.py", line 316, in do_request
    raise NetworkError(f"httpx.{err.__class__.__name__}: {err}") from err
telegram.error.NetworkError: httpx.ConnectError: [Errno -3] Temporary failure in name resolution
2024-11-07 22:19:43,961 - No error handlers are registered, logging exception.
Traceback (most recent call last):
  File "/home/jabez/.cache/pypoetry/virtualenvs/kebede-bot-4wRYckUS-py3.12/lib/python3.12/site-packages/httpx/_transports/default.py", line 72, in map_httpcore_exceptions
    yield
  File "/home/jabez/.cache/pypoetry/virtualenvs/kebede-bot-4wRYckUS-py3.12/lib/python3.12/site-packages/httpx/_transports/default.py", line 377, in handle_async_request
    resp = await self._pool.handle_async_request(req)
           ^^^^^^^^^^^^^^^^^^^^^^^^^^^^^^^^^^^^^^^^^^
  File "/home/jabez/.cache/pypoetry/virtualenvs/kebede-bot-4wRYckUS-py3.12/lib/python3.12/site-packages/httpcore/_async/connection_pool.py", line 216, in handle_async_request
    raise exc from None
  File "/home/jabez/.cache/pypoetry/virtualenvs/kebede-bot-4wRYckUS-py3.12/lib/python3.12/site-packages/httpcore/_async/connection_pool.py", line 196, in handle_async_request
    response = await connection.handle_async_request(
               ^^^^^^^^^^^^^^^^^^^^^^^^^^^^^^^^^^^^^^
  File "/home/jabez/.cache/pypoetry/virtualenvs/kebede-bot-4wRYckUS-py3.12/lib/python3.12/site-packages/httpcore/_async/connection.py", line 99, in handle_async_request
    raise exc
  File "/home/jabez/.cache/pypoetry/virtualenvs/kebede-bot-4wRYckUS-py3.12/lib/python3.12/site-packages/httpcore/_async/connection.py", line 76, in handle_async_request
    stream = await self._connect(request)
             ^^^^^^^^^^^^^^^^^^^^^^^^^^^^
  File "/home/jabez/.cache/pypoetry/virtualenvs/kebede-bot-4wRYckUS-py3.12/lib/python3.12/site-packages/httpcore/_async/connection.py", line 122, in _connect
    stream = await self._network_backend.connect_tcp(**kwargs)
             ^^^^^^^^^^^^^^^^^^^^^^^^^^^^^^^^^^^^^^^^^^^^^^^^^
  File "/home/jabez/.cache/pypoetry/virtualenvs/kebede-bot-4wRYckUS-py3.12/lib/python3.12/site-packages/httpcore/_backends/auto.py", line 30, in connect_tcp
    return await self._backend.connect_tcp(
           ^^^^^^^^^^^^^^^^^^^^^^^^^^^^^^^^
  File "/home/jabez/.cache/pypoetry/virtualenvs/kebede-bot-4wRYckUS-py3.12/lib/python3.12/site-packages/httpcore/_backends/anyio.py", line 115, in connect_tcp
    with map_exceptions(exc_map):
  File "/usr/lib/python3.12/contextlib.py", line 158, in __exit__
    self.gen.throw(value)
  File "/home/jabez/.cache/pypoetry/virtualenvs/kebede-bot-4wRYckUS-py3.12/lib/python3.12/site-packages/httpcore/_exceptions.py", line 14, in map_exceptions
    raise to_exc(exc) from exc
httpcore.ConnectError: [Errno -3] Temporary failure in name resolution

The above exception was the direct cause of the following exception:

Traceback (most recent call last):
  File "/home/jabez/.cache/pypoetry/virtualenvs/kebede-bot-4wRYckUS-py3.12/lib/python3.12/site-packages/telegram/request/_httpxrequest.py", line 292, in do_request
    res = await self._client.request(
          ^^^^^^^^^^^^^^^^^^^^^^^^^^^
  File "/home/jabez/.cache/pypoetry/virtualenvs/kebede-bot-4wRYckUS-py3.12/lib/python3.12/site-packages/httpx/_client.py", line 1585, in request
    return await self.send(request, auth=auth, follow_redirects=follow_redirects)
           ^^^^^^^^^^^^^^^^^^^^^^^^^^^^^^^^^^^^^^^^^^^^^^^^^^^^^^^^^^^^^^^^^^^^^^
  File "/home/jabez/.cache/pypoetry/virtualenvs/kebede-bot-4wRYckUS-py3.12/lib/python3.12/site-packages/httpx/_client.py", line 1674, in send
    response = await self._send_handling_auth(
               ^^^^^^^^^^^^^^^^^^^^^^^^^^^^^^^
  File "/home/jabez/.cache/pypoetry/virtualenvs/kebede-bot-4wRYckUS-py3.12/lib/python3.12/site-packages/httpx/_client.py", line 1702, in _send_handling_auth
    response = await self._send_handling_redirects(
               ^^^^^^^^^^^^^^^^^^^^^^^^^^^^^^^^^^^^
  File "/home/jabez/.cache/pypoetry/virtualenvs/kebede-bot-4wRYckUS-py3.12/lib/python3.12/site-packages/httpx/_client.py", line 1739, in _send_handling_redirects
    response = await self._send_single_request(request)
               ^^^^^^^^^^^^^^^^^^^^^^^^^^^^^^^^^^^^^^^^
  File "/home/jabez/.cache/pypoetry/virtualenvs/kebede-bot-4wRYckUS-py3.12/lib/python3.12/site-packages/httpx/_client.py", line 1776, in _send_single_request
    response = await transport.handle_async_request(request)
               ^^^^^^^^^^^^^^^^^^^^^^^^^^^^^^^^^^^^^^^^^^^^^
  File "/home/jabez/.cache/pypoetry/virtualenvs/kebede-bot-4wRYckUS-py3.12/lib/python3.12/site-packages/httpx/_transports/default.py", line 376, in handle_async_request
    with map_httpcore_exceptions():
  File "/usr/lib/python3.12/contextlib.py", line 158, in __exit__
    self.gen.throw(value)
  File "/home/jabez/.cache/pypoetry/virtualenvs/kebede-bot-4wRYckUS-py3.12/lib/python3.12/site-packages/httpx/_transports/default.py", line 89, in map_httpcore_exceptions
    raise mapped_exc(message) from exc
httpx.ConnectError: [Errno -3] Temporary failure in name resolution

The above exception was the direct cause of the following exception:

Traceback (most recent call last):
  File "/home/jabez/.cache/pypoetry/virtualenvs/kebede-bot-4wRYckUS-py3.12/lib/python3.12/site-packages/telegram/ext/_updater.py", line 753, in _network_loop_retry
    if not await do_action():
           ^^^^^^^^^^^^^^^^^
  File "/home/jabez/.cache/pypoetry/virtualenvs/kebede-bot-4wRYckUS-py3.12/lib/python3.12/site-packages/telegram/ext/_updater.py", line 747, in do_action
    return action_cb_task.result()
           ^^^^^^^^^^^^^^^^^^^^^^^
  File "/home/jabez/.cache/pypoetry/virtualenvs/kebede-bot-4wRYckUS-py3.12/lib/python3.12/site-packages/telegram/ext/_updater.py", line 377, in polling_action_cb
    updates = await self.bot.get_updates(
              ^^^^^^^^^^^^^^^^^^^^^^^^^^^
  File "/home/jabez/.cache/pypoetry/virtualenvs/kebede-bot-4wRYckUS-py3.12/lib/python3.12/site-packages/telegram/ext/_extbot.py", line 649, in get_updates
    updates = await super().get_updates(
              ^^^^^^^^^^^^^^^^^^^^^^^^^^
  File "/home/jabez/.cache/pypoetry/virtualenvs/kebede-bot-4wRYckUS-py3.12/lib/python3.12/site-packages/telegram/_bot.py", line 4366, in get_updates
    await self._post(
  File "/home/jabez/.cache/pypoetry/virtualenvs/kebede-bot-4wRYckUS-py3.12/lib/python3.12/site-packages/telegram/_bot.py", line 623, in _post
    return await self._do_post(
           ^^^^^^^^^^^^^^^^^^^^
  File "/home/jabez/.cache/pypoetry/virtualenvs/kebede-bot-4wRYckUS-py3.12/lib/python3.12/site-packages/telegram/ext/_extbot.py", line 355, in _do_post
    return await super()._do_post(
           ^^^^^^^^^^^^^^^^^^^^^^^
  File "/home/jabez/.cache/pypoetry/virtualenvs/kebede-bot-4wRYckUS-py3.12/lib/python3.12/site-packages/telegram/_bot.py", line 652, in _do_post
    result = await request.post(
             ^^^^^^^^^^^^^^^^^^^
  File "/home/jabez/.cache/pypoetry/virtualenvs/kebede-bot-4wRYckUS-py3.12/lib/python3.12/site-packages/telegram/request/_baserequest.py", line 201, in post
    result = await self._request_wrapper(
             ^^^^^^^^^^^^^^^^^^^^^^^^^^^^
  File "/home/jabez/.cache/pypoetry/virtualenvs/kebede-bot-4wRYckUS-py3.12/lib/python3.12/site-packages/telegram/request/_baserequest.py", line 333, in _request_wrapper
    code, payload = await self.do_request(
                    ^^^^^^^^^^^^^^^^^^^^^^
  File "/home/jabez/.cache/pypoetry/virtualenvs/kebede-bot-4wRYckUS-py3.12/lib/python3.12/site-packages/telegram/request/_httpxrequest.py", line 316, in do_request
    raise NetworkError(f"httpx.{err.__class__.__name__}: {err}") from err
telegram.error.NetworkError: httpx.ConnectError: [Errno -3] Temporary failure in name resolution
2024-11-07 22:20:14,028 - No error handlers are registered, logging exception.
Traceback (most recent call last):
  File "/home/jabez/.cache/pypoetry/virtualenvs/kebede-bot-4wRYckUS-py3.12/lib/python3.12/site-packages/httpx/_transports/default.py", line 72, in map_httpcore_exceptions
    yield
  File "/home/jabez/.cache/pypoetry/virtualenvs/kebede-bot-4wRYckUS-py3.12/lib/python3.12/site-packages/httpx/_transports/default.py", line 377, in handle_async_request
    resp = await self._pool.handle_async_request(req)
           ^^^^^^^^^^^^^^^^^^^^^^^^^^^^^^^^^^^^^^^^^^
  File "/home/jabez/.cache/pypoetry/virtualenvs/kebede-bot-4wRYckUS-py3.12/lib/python3.12/site-packages/httpcore/_async/connection_pool.py", line 216, in handle_async_request
    raise exc from None
  File "/home/jabez/.cache/pypoetry/virtualenvs/kebede-bot-4wRYckUS-py3.12/lib/python3.12/site-packages/httpcore/_async/connection_pool.py", line 196, in handle_async_request
    response = await connection.handle_async_request(
               ^^^^^^^^^^^^^^^^^^^^^^^^^^^^^^^^^^^^^^
  File "/home/jabez/.cache/pypoetry/virtualenvs/kebede-bot-4wRYckUS-py3.12/lib/python3.12/site-packages/httpcore/_async/connection.py", line 99, in handle_async_request
    raise exc
  File "/home/jabez/.cache/pypoetry/virtualenvs/kebede-bot-4wRYckUS-py3.12/lib/python3.12/site-packages/httpcore/_async/connection.py", line 76, in handle_async_request
    stream = await self._connect(request)
             ^^^^^^^^^^^^^^^^^^^^^^^^^^^^
  File "/home/jabez/.cache/pypoetry/virtualenvs/kebede-bot-4wRYckUS-py3.12/lib/python3.12/site-packages/httpcore/_async/connection.py", line 122, in _connect
    stream = await self._network_backend.connect_tcp(**kwargs)
             ^^^^^^^^^^^^^^^^^^^^^^^^^^^^^^^^^^^^^^^^^^^^^^^^^
  File "/home/jabez/.cache/pypoetry/virtualenvs/kebede-bot-4wRYckUS-py3.12/lib/python3.12/site-packages/httpcore/_backends/auto.py", line 30, in connect_tcp
    return await self._backend.connect_tcp(
           ^^^^^^^^^^^^^^^^^^^^^^^^^^^^^^^^
  File "/home/jabez/.cache/pypoetry/virtualenvs/kebede-bot-4wRYckUS-py3.12/lib/python3.12/site-packages/httpcore/_backends/anyio.py", line 115, in connect_tcp
    with map_exceptions(exc_map):
  File "/usr/lib/python3.12/contextlib.py", line 158, in __exit__
    self.gen.throw(value)
  File "/home/jabez/.cache/pypoetry/virtualenvs/kebede-bot-4wRYckUS-py3.12/lib/python3.12/site-packages/httpcore/_exceptions.py", line 14, in map_exceptions
    raise to_exc(exc) from exc
httpcore.ConnectError: [Errno -3] Temporary failure in name resolution

The above exception was the direct cause of the following exception:

Traceback (most recent call last):
  File "/home/jabez/.cache/pypoetry/virtualenvs/kebede-bot-4wRYckUS-py3.12/lib/python3.12/site-packages/telegram/request/_httpxrequest.py", line 292, in do_request
    res = await self._client.request(
          ^^^^^^^^^^^^^^^^^^^^^^^^^^^
  File "/home/jabez/.cache/pypoetry/virtualenvs/kebede-bot-4wRYckUS-py3.12/lib/python3.12/site-packages/httpx/_client.py", line 1585, in request
    return await self.send(request, auth=auth, follow_redirects=follow_redirects)
           ^^^^^^^^^^^^^^^^^^^^^^^^^^^^^^^^^^^^^^^^^^^^^^^^^^^^^^^^^^^^^^^^^^^^^^
  File "/home/jabez/.cache/pypoetry/virtualenvs/kebede-bot-4wRYckUS-py3.12/lib/python3.12/site-packages/httpx/_client.py", line 1674, in send
    response = await self._send_handling_auth(
               ^^^^^^^^^^^^^^^^^^^^^^^^^^^^^^^
  File "/home/jabez/.cache/pypoetry/virtualenvs/kebede-bot-4wRYckUS-py3.12/lib/python3.12/site-packages/httpx/_client.py", line 1702, in _send_handling_auth
    response = await self._send_handling_redirects(
               ^^^^^^^^^^^^^^^^^^^^^^^^^^^^^^^^^^^^
  File "/home/jabez/.cache/pypoetry/virtualenvs/kebede-bot-4wRYckUS-py3.12/lib/python3.12/site-packages/httpx/_client.py", line 1739, in _send_handling_redirects
    response = await self._send_single_request(request)
               ^^^^^^^^^^^^^^^^^^^^^^^^^^^^^^^^^^^^^^^^
  File "/home/jabez/.cache/pypoetry/virtualenvs/kebede-bot-4wRYckUS-py3.12/lib/python3.12/site-packages/httpx/_client.py", line 1776, in _send_single_request
    response = await transport.handle_async_request(request)
               ^^^^^^^^^^^^^^^^^^^^^^^^^^^^^^^^^^^^^^^^^^^^^
  File "/home/jabez/.cache/pypoetry/virtualenvs/kebede-bot-4wRYckUS-py3.12/lib/python3.12/site-packages/httpx/_transports/default.py", line 376, in handle_async_request
    with map_httpcore_exceptions():
  File "/usr/lib/python3.12/contextlib.py", line 158, in __exit__
    self.gen.throw(value)
  File "/home/jabez/.cache/pypoetry/virtualenvs/kebede-bot-4wRYckUS-py3.12/lib/python3.12/site-packages/httpx/_transports/default.py", line 89, in map_httpcore_exceptions
    raise mapped_exc(message) from exc
httpx.ConnectError: [Errno -3] Temporary failure in name resolution

The above exception was the direct cause of the following exception:

Traceback (most recent call last):
  File "/home/jabez/.cache/pypoetry/virtualenvs/kebede-bot-4wRYckUS-py3.12/lib/python3.12/site-packages/telegram/ext/_updater.py", line 753, in _network_loop_retry
    if not await do_action():
           ^^^^^^^^^^^^^^^^^
  File "/home/jabez/.cache/pypoetry/virtualenvs/kebede-bot-4wRYckUS-py3.12/lib/python3.12/site-packages/telegram/ext/_updater.py", line 747, in do_action
    return action_cb_task.result()
           ^^^^^^^^^^^^^^^^^^^^^^^
  File "/home/jabez/.cache/pypoetry/virtualenvs/kebede-bot-4wRYckUS-py3.12/lib/python3.12/site-packages/telegram/ext/_updater.py", line 377, in polling_action_cb
    updates = await self.bot.get_updates(
              ^^^^^^^^^^^^^^^^^^^^^^^^^^^
  File "/home/jabez/.cache/pypoetry/virtualenvs/kebede-bot-4wRYckUS-py3.12/lib/python3.12/site-packages/telegram/ext/_extbot.py", line 649, in get_updates
    updates = await super().get_updates(
              ^^^^^^^^^^^^^^^^^^^^^^^^^^
  File "/home/jabez/.cache/pypoetry/virtualenvs/kebede-bot-4wRYckUS-py3.12/lib/python3.12/site-packages/telegram/_bot.py", line 4366, in get_updates
    await self._post(
  File "/home/jabez/.cache/pypoetry/virtualenvs/kebede-bot-4wRYckUS-py3.12/lib/python3.12/site-packages/telegram/_bot.py", line 623, in _post
    return await self._do_post(
           ^^^^^^^^^^^^^^^^^^^^
  File "/home/jabez/.cache/pypoetry/virtualenvs/kebede-bot-4wRYckUS-py3.12/lib/python3.12/site-packages/telegram/ext/_extbot.py", line 355, in _do_post
    return await super()._do_post(
           ^^^^^^^^^^^^^^^^^^^^^^^
  File "/home/jabez/.cache/pypoetry/virtualenvs/kebede-bot-4wRYckUS-py3.12/lib/python3.12/site-packages/telegram/_bot.py", line 652, in _do_post
    result = await request.post(
             ^^^^^^^^^^^^^^^^^^^
  File "/home/jabez/.cache/pypoetry/virtualenvs/kebede-bot-4wRYckUS-py3.12/lib/python3.12/site-packages/telegram/request/_baserequest.py", line 201, in post
    result = await self._request_wrapper(
             ^^^^^^^^^^^^^^^^^^^^^^^^^^^^
  File "/home/jabez/.cache/pypoetry/virtualenvs/kebede-bot-4wRYckUS-py3.12/lib/python3.12/site-packages/telegram/request/_baserequest.py", line 333, in _request_wrapper
    code, payload = await self.do_request(
                    ^^^^^^^^^^^^^^^^^^^^^^
  File "/home/jabez/.cache/pypoetry/virtualenvs/kebede-bot-4wRYckUS-py3.12/lib/python3.12/site-packages/telegram/request/_httpxrequest.py", line 316, in do_request
    raise NetworkError(f"httpx.{err.__class__.__name__}: {err}") from err
telegram.error.NetworkError: httpx.ConnectError: [Errno -3] Temporary failure in name resolution
